Player,Position,Age,Cap_Hit,Cap_Hit_Percentage,Dead_Cap,Base_Salary,Signing_Bonus,Per_Game_Bonus,Roster_Bonus,Option_Bonus,Workout_Bonus,Restructure_Proration,Incentives,Cap_Type,Year
A.J. Green,WR,27,"$14,750,000",10.29%,"($26,750,000)","$11,750,000","$3,000,000",-,-,-,-,-,-,table_active,2015
Leon Hall,CB,31,"$9,600,000",6.70%,"($1,900,000)","$7,700,000","$1,800,000",-,-,-,"$100,000",-,-,table_active,2015
Andy Dalton,QB,28,"$9,600,000",6.70%,"($13,800,000)","$3,000,000","$2,400,000",-,"$4,000,000",-,"$200,000",-,-,table_active,2015
Geno Atkins,DT,27,"$9,000,000",6.28%,"($9,300,000)","$5,700,000","$3,000,000",-,-,-,"$300,000",-,-,table_active,2015
Andrew Whitworth,LT,34,"$7,200,000",5.03%,"($4,000,000)","$5,000,000","$2,000,000",-,-,-,"$200,000",-,-,table_active,2015
Rey Maualuga,ILB,28,"$7,137,500",4.98%,"($4,800,000)","$2,150,000",-,-,"$4,687,500",-,"$300,000",-,-,table_active,2015
Andre Smith,G,28,"$6,362,500",4.44%,"($1,200,000)","$4,600,000","$1,000,000",-,"$562,500",-,"$200,000",-,-,table_active,2015
Vontaze Burfict,OLB,25,"$5,175,000",3.61%,"($5,675,000)","$1,050,000","$775,000",-,"$3,150,000",-,"$200,000",-,-,table_active,2015
Clint Boling,G,26,"$5,100,000",3.56%,"($5,200,000)","$1,700,000","$500,000",-,"$2,700,000",-,"$200,000",-,-,table_active,2015
Carlos Dunlap,DE,26,"$4,900,000",3.42%,"($5,100,000)","$3,000,000","$1,600,000",-,-,-,"$300,000",-,-,table_active,2015
Reggie Nelson,FS,32,"$4,775,000",3.33%,"($650,000)","$4,100,000","$625,000",-,-,-,"$50,000",-,-,table_active,2015
Domata Peko,DT,31,"$3,700,000",2.58%,"($1,700,000)","$2,000,000",-,-,"$1,500,000",-,"$200,000",-,-,table_active,2015
Vincent Rey,ILB,28,"$3,100,000",2.16%,"($600,000)","$2,500,000",-,-,-,-,"$100,000",-,"$500,000",table_active,2015
Kevin Huber,P,30,"$2,770,000",1.93%,"($1,010,000)","$2,400,000","$320,000",-,-,-,"$50,000",-,-,table_active,2015
Dre Kirkpatrick,CB,26,"$2,743,680",1.91%,"($1,960,749)","$782,931","$1,177,818",-,"$782,931",-,-,-,-,table_active,2015
Michael Johnson,DE,28,"$2,600,000",1.81%,"($4,500,000)","$1,300,000","$1,125,000",-,"$175,000",-,-,-,-,table_active,2015
Adam-Pacman Jones,CB,32,"$2,550,000",1.78%,"($350,000)","$1,550,000","$250,000",-,"$250,000",-,"$100,000",-,"$400,000",table_active,2015
Kevin Zeitler,G,25,"$2,400,427",1.68%,"($981,673)","$1,418,754","$981,673",-,-,-,-,-,-,table_active,2015
Tyler Eifert,TE,25,"$2,251,637",1.57%,"($4,113,137)","$1,155,546","$1,096,091",-,-,-,-,-,-,table_active,2015
Wallace Gilberry,DE,31,"$2,050,000",1.43%,"($200,000)","$1,850,000","$200,000",-,-,-,-,-,-,table_active,2015
Mike Nugent,K,33,"$1,950,000",1.36%,"($700,000)","$1,000,000",-,-,"$850,000",-,"$100,000",-,-,table_active,2015
A.J. Hawk,OLB,31,"$1,850,000",1.29%,"($550,000)","$1,100,000",-,-,"$700,000",-,"$50,000",-,-,table_active,2015
Cedric Ogbuehi,LT,23,"$1,695,577",1.18%,"($5,042,310)","$435,000","$1,260,577",-,-,-,-,-,-,table_active,2015
Mohamed Sanu,WR,26,"$1,682,813",1.17%,"($140,813)","$1,542,000","$140,813",-,-,-,-,-,-,table_active,2015
George Iloka,FS,25,"$1,582,075",1.10%,"($40,075)","$1,542,000","$40,075",-,-,-,-,-,-,table_active,2015
Giovani Bernard,RB,24,"$1,432,729",1.00%,"($1,150,306)","$832,576","$550,153",-,-,-,"$50,000",-,-,table_active,2015
Margus Hunt,DT,28,"$1,001,209",0.70%,"($574,946)","$688,736","$262,473",-,-,-,"$50,000",-,-,table_active,2015
Eric Winston,RT,32,"$950,000",0.66%,"($80,000)","$870,000","$80,000",-,-,-,-,-,-,table_active,2015
Cedric Peerman,RB,29,"$920,000",0.64%,"($300,000)","$745,000","$125,000",-,-,-,"$50,000",-,-,table_active,2015
Clark Harris,LS,31,"$900,000",0.63%,"($30,000)","$870,000",-,-,-,-,"$30,000",-,-,table_active,2015
Jeremy Hill,RB,23,"$853,091",0.60%,"($1,378,037)","$590,618","$262,473",-,-,-,-,-,-,table_active,2015
Jake Fisher,LT,22,"$774,458",0.54%,"($1,986,448)","$435,000","$339,458",-,-,-,-,-,-,table_active,2015
Shawn Williams,SS,24,"$738,986",0.52%,"($277,972)","$600,000","$138,986",-,-,-,-,-,-,table_active,2015
Marvin Jones,WR,25,"$700,700",0.49%,"($40,700)","$660,000","$40,700",-,-,-,-,-,-,table_active,2015
Pat Sims,DT,30,"$665,000",0.46%,"($80,000)","$870,000","$50,000",-,-,-,"$30,000",-,-,table_active,2015
Brandon Tate,WR,28,"$665,000",0.46%,"($80,000)","$745,000","$50,000",-,-,-,"$30,000",-,-,table_active,2015
Will Clarke,DE,24,"$656,345",0.46%,"($419,035)","$510,000","$136,345",-,-,-,"$10,000",-,-,table_active,2015
Russell Bodine,C,23,"$624,114",0.44%,"($342,342)","$510,000","$114,114",-,-,-,-,-,-,table_active,2015
Rex Burkhead,RB,25,"$610,550",0.43%,"($51,100)","$585,000","$25,550",-,-,-,-,-,-,table_active,2015
Tyler Kroft,TE,23,"$596,944",0.42%,"($647,776)","$435,000","$161,944",-,-,-,-,-,-,table_active,2015
Paul Dawson,OLB,22,"$580,488",0.41%,"($581,952)","$435,000","$145,488",-,-,-,-,-,-,table_active,2015
Josh Shaw,CB,23,"$558,431",0.39%,"($493,724)","$435,000","$123,431",-,-,-,-,-,-,table_active,2015
A.J. McCarron,QB,25,"$555,413",0.39%,"($136,239)","$510,000","$45,413",-,-,-,-,-,-,table_active,2015
Marcus Hardison,DT,23,"$521,423",0.36%,"($345,692)","$435,000","$86,423",-,-,-,-,-,-,table_active,2015
Ryan Hewitt,FB,24,"$513,333",0.36%,"($6,667)","$510,000","$3,333",-,-,-,-,-,-,table_active,2015
T.J. Johnson,C,25,"$510,000",0.36%,-,"$510,000",-,-,-,-,-,-,-,table_active,2015
C.J. Uzomah,TE,22,"$488,190",0.34%,"($212,762)","$435,000","$53,190",-,-,-,-,-,-,table_active,2015
Derron Smith,SS,23,"$464,658",0.32%,"($118,632)","$435,000","$29,658",-,-,-,-,-,-,table_active,2015
Mario Alford,WR,23,"$449,776",0.31%,"($59,104)","$435,000","$14,776",-,-,-,-,-,-,table_active,2015
Marquis Flowers,OLB,23,"$352,670",0.25%,"($59,010)","$333,000","$19,670",-,-,-,-,-,-,table_active,2015
James Wright,WR,24,"$345,456",0.24%,"($37,368)","$333,000","$12,456",-,-,-,-,-,-,table_active,2015
Keith Wenning,QB,24,"$76,764",0.05%,-,"$76,764",-,-,-,-,-,-,-,table_active,2015
Chris Lewis-Harris,CB,26,"$68,823",0.05%,-,"$68,823",-,-,-,-,-,-,-,table_active,2015
Emmanuel Lamur,OLB,26,"$2,356,000",1.64%,-,"$2,356,000",-,-,-,-,-,-,-,table_injured,2015
Darqueze Dennard,CB,24,"$1,813,386",1.27%,"($5,020,157)","$782,678","$1,030,708",-,-,-,-,-,-,table_injured,2015
Brandon Thompson,DT,26,"$795,300",0.56%,"($130,300)","$665,000","$130,300",-,-,-,-,-,-,table_injured,2015
Chris Carter,ILB,,"$745,000",0.52%,,,,,,,,,,table_dead,2015
Greg Little,WR,,"$585,000",0.41%,,,,,,,,,,table_dead,2015
Sean Porter,ILB,,"$520,266",0.36%,,,,,,,,,,table_dead,2015
Chris Lewis-Harris,CB,,"$412,941",0.29%,,,,,,,,,,table_dead,2015
Devon Still,DT,,"$375,164",0.26%,,,,,,,,,,table_dead,2015
Mike Pollak,G,,"$333,334",0.23%,,,,,,,,,,table_dead,2015
Devon Still,DT,,"$295,164",0.21%,,,,,,,,,,table_dead,2015
Trey Hopkins,G,,"$112,200",0.08%,,,,,,,,,,table_dead,2015
Jake Kumerow,WR,,"$112,200",0.08%,,,,,,,,,,table_dead,2015
Matt Lengel,TE,,"$112,200",0.08%,,,,,,,,,,table_dead,2015
Trevor Roach,ILB,,"$112,200",0.08%,,,,,,,,,,table_dead,2015
Terrell Watson,RB,,"$112,200",0.08%,,,,,,,,,,table_dead,2015
James Wilder Jr.,RB,,"$112,200",0.08%,,,,,,,,,,table_dead,2015
DeShawn Williams,DT,,"$112,200",0.08%,,,,,,,,,,table_dead,2015
Orson Charles,FB,,"$107,325",0.07%,,,,,,,,,,table_dead,2015
Keith Wenning,QB,,"$92,400",0.06%,,,,,,,,,,table_dead,2015
Josh Johnson,QB,,"$80,000",0.06%,,,,,,,,,,table_dead,2015
Dan France,G,,"$79,200",0.06%,,,,,,,,,,table_dead,2015
Troy Hill,CB,,"$79,200",0.06%,,,,,,,,,,table_dead,2015
Troy Hill,CB,,"$76,764",0.05%,,,,,,,,,,table_dead,2015
Denarius Moore,WR,,"$50,000",0.03%,,,,,,,,,,table_dead,2015
Tanner Hawkinson,G,,"$45,606",0.03%,,,,,,,,,,table_dead,2015
Jayson Dimanche,ILB,,"$39,411",0.03%,,,,,,,,,,table_dead,2015
Lavelle Westbrooks,CB,,"$34,422",0.02%,,,,,,,,,,table_dead,2015
Mark Weisman,RB,,"$19,871",0.01%,,,,,,,,,,table_dead,2015
Michael Bennett,WR,,"$19,800",0.01%,,,,,,,,,,table_dead,2015
Chris Lewis-Harris,CB,,"$13,200",0.01%,,,,,,,,,,table_dead,2015
Mike Kafka,QB,,"$6,600",0.00%,,,,,,,,,,table_dead,2015
Colin Lockett,TE,,"$5,334",0.00%,,,,,,,,,,table_dead,2015
Trey Hopkins,G,,"$5,000",0.00%,,,,,,,,,,table_dead,2015
Matthew O'Donnell,T,,"$5,000",0.00%,,,,,,,,,,table_dead,2015
Nikita Whitlock,FB,,"$4,000",0.00%,,,,,,,,,,table_dead,2015
James Wilder Jr.,RB,,"$4,000",0.00%,,,,,,,,,,table_dead,2015
Isaiah Lewis,S,,"$3,667",0.00%,,,,,,,,,,table_dead,2015
Curtis Feigt,RT,,"$3,334",0.00%,,,,,,,,,,table_dead,2015
Alex Neutz,WR,,"$2,667",0.00%,,,,,,,,,,table_dead,2015
Larry Black,DT,,"$2,000",0.00%,,,,,,,,,,table_dead,2015
Terrell Watson,RB,,"$2,000",0.00%,,,,,,,,,,table_dead,2015
Troy Hill,CB,,"$1,833",0.00%,,,,,,,,,,table_dead,2015
Floyd Raven,SS,,"$1,833",0.00%,,,,,,,,,,table_dead,2015
Dan France,G,,"$1,667",0.00%,,,,,,,,,,table_dead,2015
Jake Kumerow,WR,,"$1,666",0.00%,,,,,,,,,,table_dead,2015
Matt Lengel,TE,,"$1,666",0.00%,,,,,,,,,,table_dead,2015
DeShawn Williams,DT,,"$1,666",0.00%,,,,,,,,,,table_dead,2015
Jeff Scott,RB,,"$1,334",0.00%,,,,,,,,,,table_dead,2015
Jake Smith,C,,"$1,000",0.00%,,,,,,,,,,table_dead,2015
Tom Obarski,K,,$833,0.00%,,,,,,,,,,table_dead,2015
Trevor Roach,ILB,,$833,0.00%,,,,,,,,,,table_dead,2015
Erick Dargan,FS,,$166,0.00%,,,,,,,,,,table_dead,2015
Chris Jasperse,C,,$166,0.00%,,,,,,,,,,table_dead,2015
John Peters,TE,,$166,0.00%,,,,,,,,,,table_dead,2015
Kalafitoni Pole,DT,,$166,0.00%,,,,,,,,,,table_dead,2015
Andy Dalton,QB,29,"$13,100,000",8.44%,"($17,900,000)","$10,500,000","$2,400,000",-,-,-,"$200,000",-,-,table_active,2016
Geno Atkins,DT,28,"$9,600,000",6.18%,"($12,600,000)","$6,300,000","$3,000,000",-,-,-,"$300,000",-,-,table_active,2016
Kevin Zeitler,G,26,"$8,070,000",5.20%,"($8,070,000)","$8,070,000",-,-,-,-,-,-,-,table_active,2016
Andrew Whitworth,LT,35,"$8,000,000",5.15%,"($8,000,000)","$5,800,000","$1,000,000",-,"$1,000,000",-,"$200,000",-,-,table_active,2016
Adam-Pacman Jones,CB,33,"$7,604,166",4.90%,"($8,500,000)","$2,300,000","$666,666",-,"$4,437,500",-,"$200,000",-,-,table_active,2016
Dre Kirkpatrick,CB,27,"$7,507,000",4.83%,"($7,507,000)","$7,507,000",-,-,-,-,-,-,-,table_active,2016
Michael Johnson,DE,29,"$6,125,000",3.94%,"($8,175,000)","$2,550,000","$1,125,000",-,"$2,200,000",-,"$250,000",-,-,table_active,2016
Carlos Dunlap,DE,27,"$5,950,000",3.83%,"($7,550,000)","$4,050,000","$1,600,000",-,-,-,"$300,000",-,-,table_active,2016
George Iloka,FS,26,"$5,075,000",3.27%,"($7,100,000)","$1,800,000","$600,000",-,"$2,375,000",-,"$300,000",-,-,table_active,2016
Vincent Rey,ILB,29,"$4,500,000",2.90%,"($4,300,000)","$1,000,000",-,-,"$3,200,000",-,"$300,000",-,-,table_active,2016
Shawn Williams,SS,25,"$4,188,986",2.70%,"($4,438,986)","$1,100,000","$538,986",-,"$2,250,000",-,"$300,000",-,-,table_active,2016
Rey Maualuga,ILB,29,"$4,084,375",2.63%,"($3,850,000)","$2,650,000",-,-,"$1,134,375",-,"$300,000",-,-,table_active,2016
Domata Peko,DT,32,"$3,725,000",2.40%,"($3,725,000)","$3,525,000",-,-,-,-,"$200,000",-,-,table_active,2016
Vontaze Burfict,OLB,26,"$3,322,059",2.14%,"($4,097,059)","$2,347,059","$775,000",-,-,-,"$200,000",-,-,table_active,2016
Kevin Huber,P,31,"$3,020,000",1.95%,"($3,340,000)","$2,650,000","$320,000",-,-,-,"$50,000",-,-,table_active,2016
Brandon LaFell,WR,30,"$2,437,500",1.57%,"($2,500,000)","$1,100,000","$1,000,000",-,"$137,500",-,"$200,000",-,-,table_active,2016
Darqueze Dennard,CB,25,"$2,176,063",1.40%,"($3,206,771)","$1,145,355","$1,030,708",-,-,-,-,-,-,table_active,2016
Karlos Dansby,ILB,35,"$2,000,000",1.29%,"($1,800,000)","$1,000,000","$700,000",-,"$200,000",-,"$100,000",-,-,table_active,2016
Pat Sims,DT,31,"$1,225,000",0.79%,"($1,225,000)","$900,000",-,-,"$250,000",-,"$75,000",-,-,table_active,2016
Cedric Peerman,RB,30,"$1,210,000",0.78%,"($1,060,000)","$885,000","$125,000",-,"$150,000",-,"$50,000",-,-,table_active,2016
Margus Hunt,DT,29,"$1,168,077",0.75%,"($312,473)","$855,604","$262,473",-,-,-,"$50,000",-,-,table_active,2016
Eric Winston,RT,33,"$1,090,000",0.70%,"($1,090,000)","$985,000","$80,000",-,-,-,"$25,000",-,-,table_active,2016
Jeremy Hill,RB,24,"$1,023,710",0.66%,"($574,946)","$711,237","$262,473",-,-,-,"$50,000",-,-,table_active,2016
Ryan Hewitt,FB,25,"$978,334",0.63%,"($1,503,334)","$600,000","$378,334",-,-,-,-,-,-,table_active,2016
Jake Fisher,LT,23,"$968,073",0.62%,"($1,646,989)","$628,615","$339,458",-,-,-,-,-,-,table_active,2016
Clark Harris,LS,32,"$950,000",0.61%,"($950,000)","$900,000",-,-,-,-,"$50,000",-,-,table_active,2016
Tyler Boyd,WR,22,"$774,358",0.50%,"($1,941,021)","$450,000","$324,358",-,-,-,-,-,-,table_active,2016
Will Clarke,DE,25,"$756,345",0.49%,"($287,690)","$605,000","$136,345",-,-,-,"$15,000",-,-,table_active,2016
Russell Bodine,C,24,"$714,114",0.46%,"($228,228)","$600,000","$114,114",-,-,-,-,-,-,table_active,2016
Tyler Kroft,TE,24,"$712,444",0.46%,"($495,832)","$540,500","$161,944",-,-,-,"$10,000",-,-,table_active,2016
Rex Burkhead,RB,26,"$700,550",0.45%,"($25,550)","$675,000","$25,550",-,-,-,-,-,-,table_active,2016
Josh Shaw,CB,24,"$648,431",0.42%,"($370,293)","$525,000","$123,431",-,-,-,-,-,-,table_active,2016
A.J. McCarron,QB,26,"$645,413",0.42%,"($90,826)","$600,000","$45,413",-,-,-,-,-,-,table_active,2016
Nick Vigil,OLB,23,"$623,907",0.40%,"($695,629)","$450,000","$173,907",-,-,-,-,-,-,table_active,2016
Marquis Flowers,OLB,24,"$619,670",0.40%,"($39,340)","$600,000","$19,670",-,-,-,-,-,-,table_active,2016
James Wright,WR,25,"$612,456",0.39%,"($24,912)","$600,000","$12,456",-,-,-,-,-,-,table_active,2016
T.J. Johnson,C,26,"$600,000",0.39%,-,"$600,000",-,-,-,-,-,-,-,table_active,2016
C.J. Uzomah,TE,23,"$578,190",0.37%,"($159,572)","$525,000","$53,190",-,-,-,-,-,-,table_active,2016
Derron Smith,SS,24,"$554,658",0.36%,"($88,974)","$525,000","$29,658",-,-,-,-,-,-,table_active,2016
Christian Westerman,G,23,"$507,924",0.33%,"($231,696)","$450,000","$57,924",-,-,-,-,-,-,table_active,2016
Cody Core,WR,22,"$481,983",0.31%,"($127,932)","$450,000","$31,983",-,-,-,-,-,-,table_active,2016
Wallace Gilberry,DE,32,"$468,529",0.30%,-,"$468,529",-,-,-,-,-,-,-,table_active,2016
Clayton Fejedelem,S,23,"$465,887",0.30%,"($63,550)","$450,000","$15,887",-,-,-,-,-,-,table_active,2016
Jeff Driskel,QB,23,"$450,000",0.29%,-,"$450,000",-,-,-,-,-,-,-,table_active,2016
Alex Erickson,WR,24,"$450,000",0.29%,-,"$450,000",-,-,-,-,-,-,-,table_active,2016
Keivarae Russell,CB,23,"$423,529",0.27%,-,"$423,529",-,-,-,-,-,-,-,table_active,2016
Randy Bullock,K,27,"$134,117",0.09%,-,"$134,117",-,-,-,-,-,-,-,table_active,2016
DeShawn Williams,DT,24,"$132,350",0.09%,-,"$132,350",-,-,-,-,-,-,-,table_active,2016
Paul Dawson,OLB,23,"$61,764",0.04%,-,"$61,764",-,-,-,-,-,-,-,table_active,2016
Tra Carson,RB,24,"$26,470",0.02%,-,"$26,470",-,-,-,-,-,-,-,table_active,2016
Trey Hopkins,G,24,"$26,470",0.02%,-,"$26,470",-,-,-,-,-,-,-,table_active,2016
Jake Kumerow,WR,24,"$26,470",0.02%,-,"$26,470",-,-,-,-,-,-,-,table_active,2016
Trevor Roach,ILB,24,"$26,470",0.02%,-,"$26,470",-,-,-,-,-,-,-,table_active,2016
A.J. Green,WR,28,"$13,000,000",8.37%,"($16,000,000)","$3,800,000","$3,000,000",-,"$6,000,000",-,"$200,000",-,-,table_injured,2016
Clint Boling,G,27,"$4,750,000",3.06%,"($6,050,000)","$2,350,000","$500,000",-,"$1,700,000",-,"$200,000",-,-,table_injured,2016
Giovani Bernard,RB,25,"$4,621,517",2.98%,"($6,671,517)","$1,071,364","$1,300,153",-,"$2,200,000",-,"$50,000",-,-,table_injured,2016
Tyler Eifert,TE,26,"$2,626,909",1.69%,"($2,626,909)","$765,409","$1,096,091",-,"$765,409",-,-,-,-,table_injured,2016
Cedric Ogbuehi,LT,24,"$2,119,472",1.37%,"($6,347,315)","$858,895","$1,260,577",-,-,-,-,-,-,table_injured,2016
William Jackson,CB,24,"$1,764,662",1.14%,"($7,482,147)","$450,000","$1,314,662",-,-,-,-,-,-,table_injured,2016
Chykie Brown,CB,30,"$600,000",0.39%,"($760,000)","$760,000",-,-,-,-,-,-,-,table_injured,2016
Andrew Billings,DT,21,"$466,961",0.30%,"($535,845)","$333,000","$133,961",-,-,-,-,-,-,table_injured,2016
Marcus Hardison,DT,24,"$434,423",0.28%,"($345,692)","$348,000","$86,423",-,-,-,-,-,-,table_injured,2016
Mike Nugent,K,,"$1,503,125",0.97%,,,,,,,,,,table_dead,2016
Chris Lewis-Harris,CB,,"$317,647",0.20%,,,,,,,,,,table_dead,2016
DeShawn Williams,DT,,"$291,170",0.19%,,,,,,,,,,table_dead,2016
Paul Dawson,OLB,,"$155,488",0.10%,,,,,,,,,,table_dead,2016
Brandon Tate,WR,,"$120,000",0.08%,,,,,,,,,,table_dead,2016
Ryan Brown,DE,,"$117,300",0.08%,,,,,,,,,,table_dead,2016
David Dean,DT,,"$117,300",0.08%,,,,,,,,,,table_dead,2016
Alex Redmond,G,,"$117,300",0.08%,,,,,,,,,,table_dead,2016
Alonzo Russell,WR,,"$117,300",0.08%,,,,,,,,,,table_dead,2016
Tra Carson,RB,,"$110,400",0.07%,,,,,,,,,,table_dead,2016
Jake Kumerow,WR,,"$110,400",0.07%,,,,,,,,,,table_dead,2016
Sean Porter,ILB,,"$107,325",0.07%,,,,,,,,,,table_dead,2016
Tyler Ott,LS,,"$105,880",0.07%,,,,,,,,,,table_dead,2016
Paul Dawson,OLB,,"$103,500",0.07%,,,,,,,,,,table_dead,2016
Trey Hopkins,G,,"$103,500",0.07%,,,,,,,,,,table_dead,2016
Trevor Roach,ILB,,"$89,700",0.06%,,,,,,,,,,table_dead,2016
Trevor Roach,ILB,,"$79,410",0.05%,,,,,,,,,,table_dead,2016
Matt Lengel,TE,,"$55,200",0.04%,,,,,,,,,,table_dead,2016
Tanner Hawkinson,G,,"$45,606",0.03%,,,,,,,,,,table_dead,2016
Taylor Mays,SS,,"$45,000",0.03%,,,,,,,,,,table_dead,2016
Tony McRae,CB,,"$34,500",0.02%,,,,,,,,,,table_dead,2016
Trey Hopkins,G,,"$26,470",0.02%,,,,,,,,,,table_dead,2016
Darius Hillary,CB,,"$20,700",0.01%,,,,,,,,,,table_dead,2016
Mario Alford,WR,,"$14,776",0.01%,,,,,,,,,,table_dead,2016
Tony McRae,CB,,"$13,800",0.01%,,,,,,,,,,table_dead,2016
Trey Hopkins,G,,"$5,000",0.00%,,,,,,,,,,table_dead,2016
Matt Johnson,QB,,"$5,000",0.00%,,,,,,,,,,table_dead,2016
Matthew O'Donnell,T,,"$5,000",0.00%,,,,,,,,,,table_dead,2016
Terrell Watson,RB,,"$4,000",0.00%,,,,,,,,,,table_dead,2016
Troy Hill,CB,,"$3,667",0.00%,,,,,,,,,,table_dead,2016
Floyd Raven,SS,,"$3,667",0.00%,,,,,,,,,,table_dead,2016
Jake Kumerow,WR,,"$3,334",0.00%,,,,,,,,,,table_dead,2016
Matt Lengel,TE,,"$3,334",0.00%,,,,,,,,,,table_dead,2016
DeShawn Williams,DT,,"$3,334",0.00%,,,,,,,,,,table_dead,2016
Mark Weisman,RB,,"$2,334",0.00%,,,,,,,,,,table_dead,2016
Jake Smith,C,,"$2,000",0.00%,,,,,,,,,,table_dead,2016
Tom Obarski,K,,"$1,667",0.00%,,,,,,,,,,table_dead,2016
Trevor Roach,ILB,,"$1,667",0.00%,,,,,,,,,,table_dead,2016
Dyshawn Mobley,RB,,$500,0.00%,,,,,,,,,,table_dead,2016
Erick Dargan,FS,,$334,0.00%,,,,,,,,,,table_dead,2016
Chris Jasperse,C,,$334,0.00%,,,,,,,,,,table_dead,2016
John Peters,TE,,$334,0.00%,,,,,,,,,,table_dead,2016
Kalafitoni Pole,DT,,$334,0.00%,,,,,,,,,,table_dead,2016
Andy Dalton,QB,30,"$15,700,000",9.40%,"($18,100,000)","$13,100,000","$2,400,000",-,-,-,"$200,000",-,-,table_active,2017
A.J. Green,WR,29,"$13,500,000",8.08%,"($19,500,000)","$10,300,000","$3,000,000",-,-,-,"$200,000",-,-,table_active,2017
Geno Atkins,DT,29,"$10,600,000",6.35%,"($3,300,000)","$7,300,000","$3,000,000",-,-,-,"$300,000",-,-,table_active,2017
Dre Kirkpatrick,CB,28,"$9,384,375",5.62%,"($14,750,000)","$2,550,000","$1,400,000",-,"$5,234,375",-,"$200,000",-,-,table_active,2017
Vontaze Burfict,OLB,27,"$8,460,529",5.07%,"($10,810,529)","$6,535,529","$1,725,000",-,-,-,"$200,000",-,-,table_active,2017
Carlos Dunlap,DE,28,"$7,250,000",4.34%,"($7,250,000)","$5,350,000","$1,600,000",-,-,-,"$300,000",-,-,table_active,2017
George Iloka,FS,27,"$5,400,000",3.23%,"($6,700,000)","$4,000,000","$600,000",-,"$500,000",-,"$300,000",-,-,table_active,2017
Michael Johnson,DE,30,"$5,125,000",3.07%,"($6,050,000)","$3,550,000","$1,125,000",-,"$200,000",-,"$250,000",-,-,table_active,2017
Brandon LaFell,WR,31,"$5,000,000",2.99%,"($4,750,000)","$1,250,000",-,-,"$3,550,000",-,"$200,000",-,-,table_active,2017
Clint Boling,G,28,"$4,950,000",2.96%,"($5,750,000)","$4,050,000","$500,000",-,"$200,000",-,"$200,000",-,-,table_active,2017
Shawn Williams,SS,26,"$4,034,375",2.42%,"($5,000,000)","$3,100,000","$400,000",-,"$234,375",-,"$300,000",-,-,table_active,2017
Giovani Bernard,RB,26,"$3,675,000",2.20%,"($5,250,000)","$1,600,000","$750,000",-,"$1,125,000",-,"$200,000",-,-,table_active,2017
Vincent Rey,ILB,30,"$3,250,000",1.95%,"($3,050,000)","$2,250,000",-,-,"$700,000",-,"$300,000",-,-,table_active,2017
Kevin Huber,P,32,"$3,170,000",1.90%,"($3,170,000)","$2,800,000","$320,000",-,-,-,"$50,000",-,-,table_active,2017
Cedric Ogbuehi,LT,25,"$2,543,366",1.52%,"($4,227,841)","$1,282,789","$1,260,577",-,-,-,-,-,-,table_active,2017
Darqueze Dennard,CB,26,"$2,538,740",1.52%,"($1,550,708)","$988,032","$1,030,708",-,"$420,000",-,"$100,000",-,-,table_active,2017
Ryan Hewitt,FB,26,"$2,275,000",1.36%,"($2,925,000)","$1,700,000","$375,000",-,"$100,000",-,"$100,000",-,-,table_active,2017
William Jackson,CB,25,"$2,205,828",1.32%,"($2,223,497)","$891,166","$1,314,662",-,-,-,-,-,-,table_active,2017
Russell Bodine,C,25,"$1,911,114",1.14%,"($114,114)","$1,797,000","$114,114",-,-,-,-,-,-,table_active,2017
Clark Harris,LS,33,"$1,045,000",0.63%,"($1,040,000)","$950,000","$45,000",-,-,-,"$50,000",-,-,table_active,2017
Joe Mixon,RB,21,"$990,940",0.59%,"($2,103,763)","$465,000","$525,940",-,-,-,-,-,-,table_active,2017
Tyler Boyd,WR,23,"$967,947",0.58%,"($1,616,663)","$643,589","$324,358",-,-,-,-,-,-,table_active,2017
Tyler Kroft,TE,25,"$799,944",0.48%,"($333,888)","$628,000","$161,944",-,-,-,"$10,000",-,-,table_active,2017
Randy Bullock,K,28,"$775,000",0.46%,"($775,000)","$775,000",-,-,-,-,-,-,-,table_active,2017
Josh Shaw,CB,25,"$738,431",0.44%,"($246,862)","$615,000","$123,431",-,-,-,-,-,-,table_active,2017
A.J. McCarron,QB,27,"$735,413",0.44%,"($45,413)","$690,000","$45,413",-,-,-,-,-,-,table_active,2017
Jordan Willis,DE,22,"$691,100",0.41%,"($904,400)","$465,000","$226,100",-,-,-,-,-,-,table_active,2017
Chris Smith,DE,25,"$690,000",0.41%,-,"$690,000",-,-,-,-,-,-,-,table_active,2017
C.J. Uzomah,TE,24,"$668,190",0.40%,"($106,382)","$615,000","$53,190",-,-,-,-,-,-,table_active,2017
Carl Lawson,OLB,22,"$628,153",0.38%,"($652,614)","$465,000","$163,153",-,-,-,-,-,-,table_active,2017
Josh Malone,WR,21,"$613,382",0.37%,"($593,528)","$465,000","$148,382",-,-,-,-,-,-,table_active,2017
Andrew Billings,DT,22,"$598,961",0.36%,"($401,884)","$465,000","$133,961",-,-,-,-,-,-,table_active,2017
Christian Westerman,G,24,"$597,924",0.36%,"($173,772)","$540,000","$57,924",-,-,-,-,-,-,table_active,2017
Keivarae Russell,CB,24,"$595,000",0.36%,"($25,000)","$570,000",-,-,-,-,"$25,000",-,-,table_active,2017
Cody Core,WR,23,"$571,983",0.34%,"($95,949)","$540,000","$31,983",-,-,-,-,-,-,table_active,2017
Ryan Glasgow,DT,24,"$569,912",0.34%,"($419,648)","$465,000","$104,912",-,-,-,-,-,-,table_active,2017
Clayton Fejedelem,S,24,"$555,887",0.33%,"($47,663)","$540,000","$15,887",-,-,-,-,-,-,table_active,2017
Alex Erickson,WR,25,"$543,000",0.33%,"($6,000)","$540,000","$3,000",-,-,-,-,-,-,table_active,2017
Jordan Evans,ILB,22,"$504,126",0.30%,"($156,506)","$465,000","$39,126",-,-,-,-,-,-,table_active,2017
Eric Winston,RT,34,"$470,588",0.28%,-,"$470,588",-,-,-,-,-,-,-,table_active,2017
Cethan Carter,TE,24,"$468,333",0.28%,"($10,000)","$465,000","$3,333",-,-,-,-,-,-,table_active,2017
Trey Hopkins,G,25,"$465,000",0.28%,-,"$465,000",-,-,-,-,-,-,-,table_active,2017
Alex Redmond,G,22,"$465,000",0.28%,-,"$465,000",-,-,-,-,-,-,-,table_active,2017
Pat Sims,DT,32,"$352,941",0.21%,-,"$352,941",-,-,-,-,-,-,-,table_active,2017
Hardy Nickerson Jr.,ILB,23,"$222,352",0.13%,-,"$222,353",-,-,-,-,-,-,-,table_active,2017
Brandon Wilson,S,23,"$218,823",0.13%,-,"$218,824",-,-,-,-,-,-,-,table_active,2017
Brian Hill,RB,22,"$191,471",0.11%,-,"$191,471",-,-,-,-,-,-,-,table_active,2017
Tony McRae,CB,24,"$109,412",0.07%,-,"$109,412",-,-,-,-,-,-,-,table_active,2017
Brandon Bell,OLB,22,"$82,059",0.05%,-,"$82,059",-,-,-,-,-,-,-,table_active,2017
Jarveon Williams,RB,22,"$82,059",0.05%,-,"$82,059",-,-,-,-,-,-,-,table_active,2017
Justin Murray,T,24,"$54,706",0.03%,-,"$54,706",-,-,-,-,-,-,-,table_active,2017
Kent Perkins,G,23,"$54,706",0.03%,-,"$54,706",-,-,-,-,-,-,-,table_active,2017
Adam-Pacman Jones,CB,34,"$7,390,195",4.43%,"($1,333,334)","$6,023,529","$666,666",-,"$500,000",-,"$200,000",-,-,table_injured,2017
Tyler Eifert,TE,27,"$4,782,000",2.86%,"($4,782,000)","$4,782,000",-,-,-,-,-,-,-,table_injured,2017
Kevin Minter,ILB,27,"$4,250,000",2.54%,"($4,000,000)","$800,000","$2,100,000",-,"$250,000",-,"$1,100,000",-,-,table_injured,2017
John Ross,WR,23,"$3,084,444",1.85%,"($17,115,863)","$437,469","$2,646,975",-,-,-,-,-,-,table_injured,2017
Andre Smith,G,30,"$3,062,500",1.83%,"($3,000,000)","$1,250,000","$1,550,000",-,"$62,500",-,"$200,000",-,-,table_injured,2017
T.J. Johnson,C,27,"$1,625,000",0.97%,"($1,800,000)","$1,300,000","$175,000",-,-,-,"$150,000",-,-,table_injured,2017
Jeremy Hill,RB,25,"$1,194,328",0.72%,"($312,473)","$881,855","$262,473",-,-,-,"$50,000",-,-,table_injured,2017
Cedric Peerman,RB,31,"$1,087,500",0.65%,"($1,050,000)","$900,000","$100,000",-,"$37,500",-,"$50,000",-,-,table_injured,2017
Nick Vigil,OLB,24,"$738,907",0.44%,"($546,722)","$540,000","$173,907",-,-,-,"$25,000",-,-,table_injured,2017
Mason Schreck,TE,24,"$364,067",0.22%,"($64,270)","$348,000","$16,067",-,-,-,-,-,-,table_injured,2017
Jeff Driskel,QB,24,"$363,000",0.22%,-,"$363,000",-,-,-,-,-,-,-,table_injured,2017
Tra Carson,RB,25,"$348,000",0.21%,-,"$348,000",-,-,-,-,-,-,-,table_injured,2017
Pat Sims,DT,,"$1,075,000",0.64%,,,,,,,,,,table_dead,2017
Wallace Gilberry,DE,,"$400,000",0.24%,,,,,,,,,,table_dead,2017
Derron Smith,SS,,"$319,069",0.19%,,,,,,,,,,table_dead,2017
Paul Dawson,OLB,,"$290,976",0.17%,,,,,,,,,,table_dead,2017
Will Clarke,DE,,"$151,345",0.09%,,,,,,,,,,table_dead,2017
Levonte Whitfield,WR,,"$122,400",0.07%,,,,,,,,,,table_dead,2017
DeShawn Williams,DT,,"$122,400",0.07%,,,,,,,,,,table_dead,2017
Hardy Nickerson Jr.,ILB,,"$109,412",0.07%,,,,,,,,,,table_dead,2017
Kent Perkins,G,,"$108,000",0.06%,,,,,,,,,,table_dead,2017
Brandon Bell,OLB,,"$100,800",0.06%,,,,,,,,,,table_dead,2017
Jarveon Williams,RB,,"$100,800",0.06%,,,,,,,,,,table_dead,2017
J.J. Dielman,C,,"$93,600",0.06%,,,,,,,,,,table_dead,2017
Marcus Hardison,DT,,"$86,423",0.05%,,,,,,,,,,table_dead,2017
Hardy Nickerson Jr.,ILB,,"$82,059",0.05%,,,,,,,,,,table_dead,2017
Eric Winston,RT,,"$80,000",0.05%,,,,,,,,,,table_dead,2017
Jake Elliott,K,,"$69,300",0.04%,,,,,,,,,,table_dead,2017
Josh Tupou,DT,,"$64,800",0.04%,,,,,,,,,,table_dead,2017
Brandon Wilson,RB,,"$64,800",0.04%,,,,,,,,,,table_dead,2017
Scott Orndoff,TE,,"$57,600",0.03%,,,,,,,,,,table_dead,2017
Josh Tupou,DT,,"$54,706",0.03%,,,,,,,,,,table_dead,2017
Jake Kumerow,WR,,"$54,705",0.03%,,,,,,,,,,table_dead,2017
J.J. Dielman,C,,"$50,484",0.03%,,,,,,,,,,table_dead,2017
Sojourn Shelton,CB,,"$50,400",0.03%,,,,,,,,,,table_dead,2017
Sojourn Shelton,CB,,"$50,400",0.03%,,,,,,,,,,table_dead,2017
Tony McRae,CB,,"$43,200",0.03%,,,,,,,,,,table_dead,2017
Brandon Wilson,RB,,"$35,523",0.02%,,,,,,,,,,table_dead,2017
Christian Ringo,DT,,"$31,765",0.02%,,,,,,,,,,table_dead,2017
Mario Alford,WR,,"$29,552",0.02%,,,,,,,,,,table_dead,2017
Carl Bradford,OLB,,"$28,800",0.02%,,,,,,,,,,table_dead,2017
Marshall Koehn,K,,"$27,353",0.02%,,,,,,,,,,table_dead,2017
Hardy Nickerson Jr.,ILB,,"$21,600",0.01%,,,,,,,,,,table_dead,2017
Scott Orndoff,TE,,"$21,600",0.01%,,,,,,,,,,table_dead,2017
Robenson Therezie,FS,,"$21,600",0.01%,,,,,,,,,,table_dead,2017
Cole Toner,G,,"$21,600",0.01%,,,,,,,,,,table_dead,2017
Marquis Flowers,OLB,,"$19,670",0.01%,,,,,,,,,,table_dead,2017
Mason Schreck,TE,,"$16,067",0.01%,,,,,,,,,,table_dead,2017
Javarius Leamon,T,,"$14,400",0.01%,,,,,,,,,,table_dead,2017
Oni Omoile,G,,"$14,400",0.01%,,,,,,,,,,table_dead,2017
Josh Tupou,DT,,"$14,400",0.01%,,,,,,,,,,table_dead,2017
James Wright,WR,,"$12,456",0.01%,,,,,,,,,,table_dead,2017
Jonathan Brown,K,,"$7,200",0.00%,,,,,,,,,,table_dead,2017
Jake Elliott,K,,"$7,200",0.00%,,,,,,,,,,table_dead,2017
Dyshawn Mobley,RB,,"$1,000",0.00%,,,,,,,,,,table_dead,2017
Geno Atkins,DT,30,"$15,100,000",8.52%,"($25,300,000)","$8,000,000","$2,600,000",-,"$4,200,000",-,"$300,000",-,-,table_active,2018
Carlos Dunlap,DE,29,"$13,050,000",7.36%,"($19,300,000)","$1,000,000","$2,250,000",-,"$9,500,000",-,"$300,000",-,-,table_active,2018
Cordy Glenn,LT,29,"$11,250,000",6.35%,"($11,250,000)","$9,250,000",-,-,"$2,000,000",-,-,-,-,table_active,2018
Darqueze Dennard,CB,27,"$8,526,000",4.81%,"($8,526,000)","$8,526,000",-,-,-,-,-,-,-,table_active,2018
Vontaze Burfict,OLB,28,"$7,301,029",4.12%,"($5,209,375)","$2,913,529","$903,125",-,"$2,984,375",-,"$500,000",-,-,table_active,2018
Clint Boling,G,29,"$5,450,000",3.08%,"($5,750,000)","$4,550,000","$500,000",-,"$200,000",-,"$200,000",-,-,table_active,2018
Michael Johnson,DE,31,"$4,737,500",2.67%,"($4,550,000)","$4,550,000",-,-,"$187,500",-,-,-,-,table_active,2018
Giovani Bernard,RB,27,"$4,200,000",2.37%,"($4,800,000)","$3,100,000","$750,000",-,"$150,000",-,"$200,000",-,-,table_active,2018
Shawn Williams,SS,27,"$4,150,000",2.34%,"($4,700,000)","$3,200,000","$400,000",-,"$250,000",-,"$300,000",-,-,table_active,2018
John Ross,WR,24,"$3,889,969",2.20%,"($14,003,888)","$1,242,994","$2,646,975",-,-,-,-,-,-,table_active,2018
Cedric Ogbuehi,LT,26,"$2,967,263",1.67%,"($1,684,473)","$1,706,684","$1,260,579",-,-,-,-,-,-,table_active,2018
Vincent Rey,ILB,31,"$2,750,000",1.55%,"($2,550,000)","$2,250,000",-,-,"$200,000",-,"$300,000",-,-,table_active,2018
William Jackson,CB,26,"$2,646,993",1.49%,"($1,332,331)","$1,332,331","$1,314,662",-,-,-,-,-,-,table_active,2018
Kevin Huber,P,33,"$2,300,000",1.30%,"($3,000,000)","$1,400,000","$350,000",-,"$500,000",-,"$50,000",-,-,table_active,2018
Billy Price,C,24,"$2,129,543",1.20%,"($9,155,333)","$480,000","$1,649,543",-,-,-,-,-,-,table_active,2018
Alex Erickson,WR,26,"$1,649,666",0.93%,"($503,000)","$880,000","$169,666",-,-,-,-,-,"$600,000",table_active,2018
Randy Bullock,K,29,"$1,295,000",0.73%,"($750,000)","$1,045,000","$250,000",-,-,-,-,-,-,table_active,2018
Joe Mixon,RB,22,"$1,238,675",0.70%,"($2,290,558)","$712,735","$525,940",-,-,-,-,-,-,table_active,2018
Clark Harris,LS,34,"$1,130,000",0.64%,"($1,070,000)","$1,015,000","$105,000",-,-,-,"$10,000",-,-,table_active,2018
Bobby Hart,RT,24,"$1,005,000",0.57%,"($100,000)","$705,000","$50,000",-,"$200,000",-,"$50,000",-,-,table_active,2018
Jessie Bates III,FS,21,"$899,602",0.51%,"($2,383,311)","$480,000","$419,602",-,-,-,-,-,-,table_active,2018
Jordan Willis,DE,23,"$854,100",0.48%,"($678,300)","$628,000","$226,100",-,-,-,-,-,-,table_active,2018
Nick Vigil,OLB,25,"$828,907",0.47%,"($347,815)","$630,000","$173,907",-,-,-,"$25,000",-,-,table_active,2018
Andrew Billings,DT,23,"$763,961",0.43%,"($267,923)","$630,000","$133,961",-,-,-,-,-,-,table_active,2018
C.J. Uzomah,TE,25,"$758,192",0.43%,"($53,192)","$705,000","$53,192",-,-,-,-,-,-,table_active,2018
Sam Hubbard,DE,23,"$712,300",0.40%,"($929,200)","$480,000","$232,300",-,-,-,-,-,-,table_active,2018
Josh Malone,WR,22,"$703,382",0.40%,"($445,146)","$555,000","$148,382",-,-,-,-,-,-,table_active,2018
Christian Westerman,G,25,"$687,924",0.39%,"($115,848)","$630,000","$57,924",-,-,-,-,-,-,table_active,2018
Cody Core,WR,24,"$661,983",0.37%,"($63,966)","$630,000","$31,983",-,-,-,-,-,-,table_active,2018
Mark Walton,RB,21,"$651,336",0.37%,"($685,347)","$480,000","$171,336",-,-,-,-,-,-,table_active,2018
Clayton Fejedelem,S,25,"$645,887",0.36%,"($31,776)","$630,000","$15,887",-,-,-,-,-,-,table_active,2018
Jeff Driskel,QB,25,"$630,000",0.36%,-,"$630,000",-,-,-,-,-,-,-,table_active,2018
Trey Hopkins,C,26,"$555,000",0.31%,-,"$555,000",-,-,-,-,-,-,-,table_active,2018
Tony McRae,CB,25,"$555,000",0.31%,-,"$555,000",-,-,-,-,-,-,-,table_active,2018
Hardy Nickerson Jr.,ILB,24,"$555,000",0.31%,-,"$555,000",-,-,-,-,-,-,-,table_active,2018
Alex Redmond,G,23,"$555,000",0.31%,-,"$555,000",-,-,-,-,-,-,-,table_active,2018
Brandon Wilson,S,24,"$555,000",0.31%,-,"$555,000",-,-,-,-,-,-,-,table_active,2018
Darius Phillips,CB,23,"$534,388",0.30%,"($217,553)","$480,000","$54,388",-,-,-,-,-,-,table_active,2018
Davontae Harris,CB,23,"$497,084",0.28%,"($288,574)","$424,941","$72,143",-,-,-,-,-,-,table_active,2018
Matt Lengel,TE,28,"$444,705",0.25%,-,"$444,706",-,-,-,-,-,-,-,table_active,2018
Keivarae Russell,CB,25,"$407,647",0.23%,-,"$407,647",-,-,-,-,-,-,-,table_active,2018
Jordan Franks,TE,22,"$282,350",0.16%,-,"$282,350",-,-,-,-,-,-,-,table_active,2018
Andre Smith,RT,31,"$269,117",0.15%,-,"$269,118",-,-,-,-,-,-,-,table_active,2018
Brandon Bell,OLB,23,"$228,529",0.13%,-,"$228,529",-,-,-,-,-,-,-,table_active,2018
Auden Tate,WR,21,"$225,880",0.13%,-,"$225,880",-,-,-,-,-,-,-,table_active,2018
Kasim Edebali,OLB,29,"$222,354",0.13%,-,"$278,824",-,-,-,-,-,-,-,table_active,2018
Christian Ringo,DT,26,"$222,354",0.13%,-,"$222,354",-,-,-,-,-,-,-,table_active,2018
Tom Savage,QB,28,"$207,353",0.12%,-,"$207,353",-,-,-,-,-,-,-,table_active,2018
Niles Scott,DT,23,"$169,410",0.10%,-,"$169,410",-,-,-,-,-,-,-,table_active,2018
Chris Worley,LB,23,"$56,470",0.03%,-,"$56,470",-,-,-,-,-,-,-,table_active,2018
Hunter Sharp,WR,24,"$32,647",0.02%,-,"$32,647",-,-,-,-,-,-,-,table_active,2018
Quinton Flowers,RB,24,"$28,235",0.02%,-,"$28,235",-,-,-,-,-,-,-,table_active,2018
Kent Perkins,G,24,"$28,235",0.02%,-,"$28,235",-,-,-,-,-,-,-,table_active,2018
Andy Dalton,QB,31,"$16,300,000",9.20%,"($16,300,000)","$13,700,000","$2,400,000",-,-,-,"$200,000",-,-,table_injured,2018
A.J. Green,WR,30,"$13,750,000",7.76%,"($16,750,000)","$10,550,000","$3,000,000",-,-,-,"$200,000",-,-,table_injured,2018
Dre Kirkpatrick,CB,29,"$9,553,125",5.39%,"($13,550,000)","$4,750,000","$1,400,000",-,"$3,203,125",-,"$200,000",-,-,table_injured,2018
Preston Brown,ILB,26,"$5,000,000",2.82%,"($5,000,000)","$1,000,000","$2,000,000",-,-,-,"$2,000,000",-,-,table_injured,2018
Tyler Eifert,TE,28,"$4,750,000",2.68%,"($4,500,000)","$1,000,000","$3,000,000",-,"$250,000",-,"$500,000",-,-,table_injured,2018
Tyler Kroft,TE,26,"$2,068,944",1.17%,"($171,944)","$1,897,000","$161,944",-,-,-,"$10,000",-,-,table_injured,2018
Jake Fisher,LT,25,"$1,355,343",0.76%,"($389,459)","$965,884","$339,459",-,-,-,"$50,000",-,-,table_injured,2018
Tyler Boyd,WR,24,"$1,161,537",0.66%,"($698,716)","$787,179","$324,358",-,-,-,"$50,000",-,-,table_injured,2018
Malik Jefferson,OLB,22,"$697,161",0.39%,"($923,728)","$466,229","$230,932",-,-,-,-,-,-,table_injured,2018
Ryan Glasgow,DT,25,"$659,912",0.37%,"($314,736)","$555,000","$104,912",-,-,-,-,-,-,table_injured,2018
Carl Lawson,OLB,23,"$634,858",0.36%,"($489,461)","$471,706","$163,153",-,-,-,-,-,-,table_injured,2018
Jordan Evans,OLB,23,"$583,713",0.33%,"($117,380)","$544,587","$39,126",-,-,-,-,-,-,table_injured,2018
Josh Tupou,DT,24,"$500,028",0.28%,"($7,500)","$492,529","$7,500",-,-,-,-,-,-,table_injured,2018
Adolphus Washington,DT,24,"$435,176",0.25%,-,"$435,176",-,-,-,-,-,-,-,table_injured,2018
Mason Schreck,TE,25,"$427,232",0.24%,"($48,203)","$411,165","$16,067",-,-,-,-,-,-,table_injured,2018
Cethan Carter,TE,25,"$381,333",0.22%,"($6,667)","$378,000","$3,333",-,-,-,-,-,-,table_injured,2018
Rod Taylor,G,24,"$380,267",0.21%,"($69,070)","$363,000","$17,267",-,-,-,-,-,-,table_injured,2018
Trayvon Henderson,S,23,"$365,000",0.21%,"($6,000)","$363,000","$2,000",-,-,-,-,-,-,table_injured,2018
Michael Johnson,DE,,"$1,375,000",0.78%,,,,,,,,,,table_dead,2018
Brandon LaFell,WR,,"$1,200,000",0.68%,,,,,,,,,,table_dead,2018
George Iloka,FS,,"$900,000",0.51%,,,,,,,,,,table_dead,2018
Adam-Pacman Jones,CB,,"$666,668",0.38%,,,,,,,,,,table_dead,2018
Matt Barkley,QB,,"$583,824",0.33%,,,,,,,,,,table_dead,2018
Ryan Hewitt,FB,,"$475,000",0.27%,,,,,,,,,,table_dead,2018
Chris Baker,DT,,"$450,000",0.25%,,,,,,,,,,table_dead,2018
Josh Shaw,CB,,"$347,774",0.20%,,,,,,,,,,table_dead,2018
T.J. Johnson,C,,"$325,000",0.18%,,,,,,,,,,table_dead,2018
Auden Tate,WR,,"$230,115",0.13%,,,,,,,,,,table_dead,2018
Sojourn Shelton,CB,,"$213,530",0.12%,,,,,,,,,,table_dead,2018
Jake Elliott,K,,"$207,901",0.12%,,,,,,,,,,table_dead,2018
J.J. Dielman,C,,"$151,455",0.09%,,,,,,,,,,table_dead,2018
Moritz Boehringer,WR,,"$129,200",0.07%,,,,,,,,,,table_dead,2018
Andrew Brown,DE,,"$129,200",0.07%,,,,,,,,,,table_dead,2018
Brad Lundblade,C,,"$129,200",0.07%,,,,,,,,,,table_dead,2018
Levonte Whitfield,WR,,"$129,200",0.07%,,,,,,,,,,table_dead,2018
Thomas Rawls,RB,,"$124,411",0.07%,,,,,,,,,,table_dead,2018
Quinton Flowers,RB,,"$121,600",0.07%,,,,,,,,,,table_dead,2018
Kent Perkins,G,,"$121,600",0.07%,,,,,,,,,,table_dead,2018
Chris Worley,LB,,"$114,000",0.06%,,,,,,,,,,table_dead,2018
Brandon Wilson,RB,,"$106,572",0.06%,,,,,,,,,,table_dead,2018
Demetrious Cox,S,,"$91,200",0.05%,,,,,,,,,,table_dead,2018
Tra Carson,RB,,"$87,529",0.05%,,,,,,,,,,table_dead,2018
Marcus Hardison,DT,,"$86,423",0.05%,,,,,,,,,,table_dead,2018
Andrew Brown,DE,,"$69,603",0.04%,,,,,,,,,,table_dead,2018
Christian Hackenberg,QB,,"$68,400",0.04%,,,,,,,,,,table_dead,2018
Connor Cook,QB,,"$60,800",0.03%,,,,,,,,,,table_dead,2018
Andrew Vollert,TE,,"$60,800",0.03%,,,,,,,,,,table_dead,2018
Jordan Franks,TE,,"$53,200",0.03%,,,,,,,,,,table_dead,2018
Mason Schreck,TE,,"$48,204",0.03%,,,,,,,,,,table_dead,2018
Keivarae Russell,CB,,"$45,600",0.03%,,,,,,,,,,table_dead,2018
C.J. Goodwin,S,,"$38,000",0.02%,,,,,,,,,,table_dead,2018
Hunter Sharp,WR,,"$38,000",0.02%,,,,,,,,,,table_dead,2018
Aaron Wallace,OLB,,"$38,000",0.02%,,,,,,,,,,table_dead,2018
Derron Smith,SS,,"$29,658",0.02%,,,,,,,,,,table_dead,2018
Keivarae Russell,CB,,"$25,000",0.01%,,,,,,,,,,table_dead,2018
Brandon Bell,OLB,,"$22,800",0.01%,,,,,,,,,,table_dead,2018
Logan Woodside,QB,,"$17,499",0.01%,,,,,,,,,,table_dead,2018
Chris Cooper,S,,"$15,200",0.01%,,,,,,,,,,table_dead,2018
Trae Waynes,CB,29,"$15,800,000",8.66%,"($20,800,000)","$8,400,000","$5,000,000",-,"$2,000,000",-,"$400,000",-,-,table_active,2021
D.J. Reader,DT,27,"$13,562,500",7.43%,"($21,687,500)","$4,300,000","$4,062,500",-,"$5,000,000",-,"$200,000",-,-,table_active,2021
Trey Hendrickson,DE,27,"$12,476,471",6.84%,"($19,800,000)","$3,800,000","$2,500,000",-,"$6,176,471",-,-,-,-,table_active,2021
Tyler Boyd,WR,27,"$9,835,294",5.39%,"($12,400,000)","$8,000,000","$1,400,000",-,"$235,294",-,"$200,000",-,-,table_active,2021
Joe Burrow,QB,25,"$8,225,031",4.51%,"($29,610,112)","$780,000","$5,970,025",-,"$1,475,006",-,-,-,-,table_active,2021
Joe Mixon,RB,25,"$8,126,471",4.45%,"($16,200,000)","$5,000,000","$2,000,000",-,"$176,471",-,"$200,000","$750,000",-,table_active,2021
Trey Hopkins,C,29,"$6,563,235",3.60%,"($7,500,000)","$4,300,000","$1,125,000",-,"$938,235",-,"$200,000",-,-,table_active,2021
C.J. Uzomah,TE,28,"$6,156,863",3.37%,"($6,133,334)","$4,750,000","$1,083,334",-,"$23,529",-,"$300,000",-,-,table_active,2021
Chidobe Awuzie,CB,26,"$6,038,235",3.31%,"($8,850,000)","$1,350,000","$1,500,000",-,"$3,188,235",-,-,-,-,table_active,2021
Ja'Marr Chase,WR,21,"$5,603,571",3.07%,"($30,819,641)","$660,000","$4,943,571",-,-,-,-,-,-,table_active,2021
Vonn Bell,FS,27,"$5,488,235",3.01%,"($6,300,000)","$4,100,000","$1,000,000",-,"$188,235",-,"$200,000",-,-,table_active,2021
Mike Hilton,CB,27,"$5,352,941",2.93%,"($8,000,000)","$2,000,000","$1,000,000",-,"$2,352,941",-,-,-,-,table_active,2021
Jonah Williams,LT,24,"$4,808,227",2.63%,"($10,417,825)","$2,097,742","$2,710,485",-,-,-,-,-,-,table_active,2021
Sam Hubbard,DE,26,"$3,423,476",1.88%,"($10,000,000)","$1,000,000","$2,232,300",-,"$191,176",-,-,-,-,table_active,2021
Xavier Su'a-Filo,G,30,"$3,103,921",1.70%,"($3,366,667)","$2,500,000","$333,333",-,"$70,588",-,"$200,000",-,-,table_active,2021
Jessie Bates III,FS,24,"$2,852,604",1.56%,"($419,604)","$2,433,000","$419,604",-,-,-,-,-,-,table_active,2021
B.J. Hill,DT,26,"$2,183,000",1.20%,-,"$2,183,000",-,-,-,-,-,-,-,table_active,2021
Tee Higgins,WR,22,"$1,974,270",1.08%,"($4,913,102)","$1,004,854","$969,416",-,-,-,-,-,-,table_active,2021
Tre Flowers,CB,28,"$1,576,614",0.86%,-,"$1,576,614",-,-,-,-,-,-,-,table_active,2021
Drew Sample,TE,25,"$1,501,717",0.82%,"($1,012,290)","$995,572","$506,145",-,-,-,-,-,-,table_active,2021
Brandon Allen,QB,29,"$1,500,000",0.82%,"($300,000)","$1,200,000","$300,000",-,-,-,-,-,-,table_active,2021
Ricardo Allen,FS,30,"$1,460,584",0.80%,"($990,000)","$990,000","$400,000",-,"$70,584",-,-,-,-,table_active,2021
Samaje Perine,RB,26,"$1,450,000",0.79%,"($1,800,000)","$1,100,000","$350,000",-,-,-,-,-,-,table_active,2021
Jackson Carman,G,21,"$1,354,536",0.74%,"($3,776,778)","$660,000","$694,536",-,-,-,-,-,-,table_active,2021
Kevin Huber,P,36,"$1,212,500",0.66%,"($1,637,500)","$1,500,000","$137,500",-,-,-,-,-,-,table_active,2021
Clark Harris,LS,37,"$1,212,500",0.66%,"($1,212,500)","$1,075,000","$137,500",-,-,-,-,-,-,table_active,2021
Vernon Hargreaves,CB,26,"$1,196,732",0.66%,"($555,560)","$555,560",-,-,"$141,172",-,-,-,"$500,000",table_active,2021
Germaine Pratt,ILB,25,"$1,126,221",0.62%,"($526,442)","$863,000","$263,221",-,-,-,-,-,-,table_active,2021
Logan Wilson,OLB,25,"$1,123,998",0.62%,"($867,597)","$834,799","$289,199",-,-,-,-,-,-,table_active,2021
Josh Tupou,DT,27,"$1,108,235",0.61%,"($920,000)","$920,000",-,-,"$188,235",-,-,-,-,table_active,2021
Eli Apple,CB,26,"$1,100,000",0.60%,"($1,100,000)","$1,000,000",-,-,-,-,"$100,000",-,-,table_active,2021
Quinton Spain,G,30,"$987,500",0.54%,"($1,127,500)","$990,000","$137,500",-,-,-,-,-,-,table_active,2021
Jalen Davis,CB,25,"$920,000",0.50%,-,"$920,000",-,-,-,-,-,-,-,table_active,2021
Mike Thomas,WR,27,"$875,000",0.48%,"($990,000)","$990,000",-,-,"$25,000",-,-,-,-,table_active,2021
Cameron Sample,DE,22,"$857,036",0.47%,"($788,144)","$660,000","$197,036",-,-,-,-,-,-,table_active,2021
Fred Johnson,RT,24,"$850,000",0.47%,-,"$850,000",-,-,-,-,-,-,-,table_active,2021
Stanley Morgan,WR,25,"$850,000",0.47%,-,"$850,000",-,-,-,-,-,-,-,table_active,2021
Isaiah Prince,LT,24,"$850,000",0.47%,-,"$850,000",-,-,-,-,-,-,-,table_active,2021
Tyler Shelvin,DT,23,"$844,141",0.46%,"($736,564)","$660,000","$184,141",-,-,-,-,-,-,table_active,2021
Markus Bailey,ILB,24,"$808,424",0.44%,"($85,272)","$780,000","$28,424",-,-,-,-,-,-,table_active,2021
Wyatt Ray,DE,25,"$780,000",0.43%,-,"$780,000",-,-,-,-,-,-,-,table_active,2021
Evan McPherson,K,22,"$745,928",0.41%,"($343,712)","$660,000","$85,928",-,-,-,-,-,-,table_active,2021
Khalid Kareem,DE,23,"$736,393",0.40%,"($265,857)","$647,774","$88,619",-,-,-,-,-,-,table_active,2021
Trey Hill,C,21,"$708,088",0.39%,"($192,352)","$660,000","$48,088",-,-,-,-,-,-,table_active,2021
Chris Evans,RB,24,"$703,222",0.39%,"($172,888)","$660,000","$43,222",-,-,-,-,-,-,table_active,2021
Hakeem Adeniji,LT,24,"$681,856",0.37%,"($158,913)","$628,886","$52,971",-,-,-,-,-,-,table_active,2021
D'ante Smith,G,23,"$662,330",0.36%,"($499,344)","$537,494","$124,836",-,-,-,-,-,-,table_active,2021
Mitchell Wilcox,TE,25,"$660,000",0.36%,-,"$660,000",-,-,-,-,-,-,-,table_active,2021
Trenton Irwin,WR,26,"$623,339",0.34%,-,"$623,339",-,-,-,-,-,-,-,table_active,2021
Michael Thomas,FS,31,"$477,777",0.26%,-,"$477,778",-,-,-,-,-,-,-,table_active,2021
Clay Johnston,ILB,25,"$329,994",0.18%,-,"$329,994",-,-,-,-,-,-,-,table_active,2021
Trayveon Williams,RB,24,"$283,332",0.16%,-,"$283,332",-,-,-,-,-,-,-,table_active,2021
Austin Calitro,ILB,27,"$153,333",0.08%,-,"$153,333",-,-,-,-,-,-,-,table_active,2021
Keandre Jones,LB,24,"$109,998",0.06%,-,"$109,998",-,-,-,-,-,-,-,table_active,2021
Mike Daniels,DT,32,"$59,722",0.03%,-,"$59,722",-,-,-,-,-,-,-,table_active,2021
Noah Spence,DE,27,"$55,000",0.03%,-,"$55,000",-,-,-,-,-,-,-,table_active,2021
Trent Taylor,WR,27,"$51,111",0.03%,-,"$51,111",-,-,-,-,-,-,-,table_active,2021
Trayvon Henderson,S,26,"$47,222",0.03%,-,"$47,222",-,-,-,-,-,-,-,table_active,2021
Keaton Sutherland,C,24,"$47,222",0.03%,-,"$47,222",-,-,-,-,-,-,-,table_active,2021
Renell Wren,DT,26,"$47,222",0.03%,-,"$47,222",-,-,-,-,-,-,-,table_active,2021
Jake Browning,QB,25,"$36,666",0.02%,-,"$36,666",-,-,-,-,-,-,-,table_active,2021
Larry Ogunjobi,DT,27,"$6,176,471",3.38%,"($6,000,000)","$1,400,000","$4,600,000",-,"$176,471",-,-,-,-,table_injured,2021
Riley Reiff,RT,33,"$4,714,705",2.58%,"($7,200,000)","$1,700,000","$2,750,000",-,"$264,706",-,-,-,-,table_injured,2021
Brandon Wilson,S,27,"$1,562,500",0.86%,"($2,125,000)","$1,000,000","$562,500",-,-,-,-,-,-,table_injured,2021
Jordan Evans,OLB,26,"$987,500",0.54%,"($1,127,500)","$990,000","$100,000",-,"$37,500",-,-,-,-,table_injured,2021
Akeem Davis-Gaither,OLB,24,"$984,378",0.54%,"($613,134)","$780,000","$204,378",-,-,-,-,-,-,table_injured,2021
Darius Phillips,CB,26,"$974,389",0.53%,"($54,389)","$920,000","$54,389",-,-,-,-,-,-,table_injured,2021
Auden Tate,WR,24,"$920,000",0.50%,-,"$920,000",-,-,-,-,-,-,-,table_injured,2021
Joseph Ossai,LB,21,"$699,112",0.38%,"($1,136,448)","$415,000","$284,112",-,-,-,-,-,-,table_injured,2021
Joe Bachie,LB,23,"$476,663",0.26%,-,"$476,663",-,-,-,-,-,-,-,table_injured,2021
Mason Schreck,TE,28,"$98,000",0.05%,-,"$98,000",-,-,-,-,-,-,-,table_injured,2021
Thaddeus Moss,TE,23,"$55,200",0.03%,-,"$55,200",-,-,-,-,-,-,-,table_injured,2021
Lamont Gaillard,G,,"$147,200",0.08%,,,,,,,,,,table_practice-squad,2021
Elijah Holyfield,RB,,"$119,600",0.07%,,,,,,,,,,table_practice-squad,2021
Pooka Williams,RB,,"$46,000",0.03%,,,,,,,,,,table_practice-squad,2021
John Brannon,CB,,"$9,200",0.01%,,,,,,,,,,table_practice-squad,2021
Chris Myarick,TE,,"$9,200",0.01%,,,,,,,,,,table_practice-squad,2021
Scotty Washington,WR,,-,-,,,,,,,,,,table_practice-squad,2021
Austin Calitro,ILB,,-,-,,,,,,,,,,table_practice-squad,2021
Geno Atkins,DT,,"$5,200,000",2.85%,,,,,,,,,,table_dead,2021
Xavier Su'a-Filo,G,,"$3,103,921",1.70%,,,,,,,,,,table_dead,2021
Carlos Dunlap,DE,,"$2,250,000",1.23%,,,,,,,,,,table_dead,2021
Billy Price,G,,"$1,649,546",0.90%,,,,,,,,,,table_dead,2021
Bobby Hart,RT,,"$1,000,000",0.55%,,,,,,,,,,table_dead,2021
Giovani Bernard,RB,,"$666,668",0.37%,,,,,,,,,,table_dead,2021
Mike Daniels,DT,,"$469,722",0.26%,,,,,,,,,,table_dead,2021
Ryan Finley,QB,,"$394,828",0.22%,,,,,,,,,,table_dead,2021
Trent Taylor,WR,,"$349,333",0.19%,,,,,,,,,,table_dead,2021
Darius Hodge,LB,,"$301,661",0.17%,,,,,,,,,,table_dead,2021
Nick McCloud,CB,,"$293,328",0.16%,,,,,,,,,,table_dead,2021
Noah Spence,DE,,"$265,000",0.15%,,,,,,,,,,table_dead,2021
Trayveon Williams,RB,,"$228,051",0.13%,,,,,,,,,,table_dead,2021
Keandre Jones,LB,,"$192,932",0.11%,,,,,,,,,,table_dead,2021
Mason Schreck,TE,,"$191,111",0.10%,,,,,,,,,,table_dead,2021
Jake Browning,QB,,"$190,533",0.10%,,,,,,,,,,table_dead,2021
Renell Wren,DT,,"$170,649",0.09%,,,,,,,,,,table_dead,2021
Keaton Sutherland,C,,"$157,622",0.09%,,,,,,,,,,table_dead,2021
Renell Wren,DT,,"$156,400",0.09%,,,,,,,,,,table_dead,2021
Pooka Williams,RB,,"$153,732",0.08%,,,,,,,,,,table_dead,2021
Thaddeus Moss,TE,,"$144,533",0.08%,,,,,,,,,,table_dead,2021
Austin Calitro,ILB,,"$144,222",0.08%,,,,,,,,,,table_dead,2021
Holton Hill,CB,,"$140,000",0.08%,,,,,,,,,,table_dead,2021
Joe Bachie,LB,,"$132,666",0.07%,,,,,,,,,,table_dead,2021
Michael Jordan,G,,"$122,098",0.07%,,,,,,,,,,table_dead,2021
Trayvon Henderson,S,,"$119,600",0.07%,,,,,,,,,,table_dead,2021
Sean Davis,FS,,"$110,000",0.06%,,,,,,,,,,table_dead,2021
Trayvon Henderson,S,,"$74,822",0.04%,,,,,,,,,,table_dead,2021
Michael Thomas,FS,,"$70,000",0.04%,,,,,,,,,,table_dead,2021
Rodney Anderson,RB,,"$63,678",0.03%,,,,,,,,,,table_dead,2021
John Brannon,CB,,"$61,733",0.03%,,,,,,,,,,table_dead,2021
Tony Brown,CB,,"$56,000",0.03%,,,,,,,,,,table_dead,2021
Keaton Sutherland,C,,"$36,800",0.02%,,,,,,,,,,table_dead,2021
Drue Chrisman,P,,"$27,600",0.02%,,,,,,,,,,table_dead,2021
Dan Godsil,LS,,"$27,482",0.02%,,,,,,,,,,table_dead,2021
Donnie Lewis,CB,,"$23,056",0.01%,,,,,,,,,,table_dead,2021
Colin Holba,LS,,"$18,400",0.01%,,,,,,,,,,table_dead,2021
Jacques Patrick,RB,,"$18,400",0.01%,,,,,,,,,,table_dead,2021
Mike Daniels,DT,,"$14,000",0.01%,,,,,,,,,,table_dead,2021
Sean Davis,FS,,"$14,000",0.01%,,,,,,,,,,table_dead,2021
Noah Spence,DE,,"$14,000",0.01%,,,,,,,,,,table_dead,2021
Winston Rose,CB,,"$10,000",0.01%,,,,,,,,,,table_dead,2021
Drue Chrisman,P,,"$9,200",0.01%,,,,,,,,,,table_dead,2021
Drue Chrisman,P,,"$9,200",0.01%,,,,,,,,,,table_dead,2021
Trenton Irwin,WR,,"$9,200",0.01%,,,,,,,,,,table_dead,2021
Winston Rose,CB,,"$9,200",0.01%,,,,,,,,,,table_dead,2021
Tegray Scales,LB,,"$9,200",0.01%,,,,,,,,,,table_dead,2021
Antonio Phillips,CB,,"$8,333",0.00%,,,,,,,,,,table_dead,2021
Tyler Clark,DT,,"$6,667",0.00%,,,,,,,,,,table_dead,2021
Kendall Futrell,LB,,"$6,667",0.00%,,,,,,,,,,table_dead,2021
Pro Wells,TE,,"$5,000",0.00%,,,,,,,,,,table_dead,2021
Trey Dishon,DT,,"$4,000",0.00%,,,,,,,,,,table_dead,2021
Clay Cordasco,T,,"$3,334",0.00%,,,,,,,,,,table_dead,2021
Josh Knipfel,T,,"$3,334",0.00%,,,,,,,,,,table_dead,2021
Marcel Spears Jr.,LB,,"$3,334",0.00%,,,,,,,,,,table_dead,2021
Scotty Washington,WR,,"$3,334",0.00%,,,,,,,,,,table_dead,2021
Devwah Whaley,RB,,"$3,334",0.00%,,,,,,,,,,table_dead,2021
Drue Chrisman,P,,"$2,500",0.00%,,,,,,,,,,table_dead,2021
Oâ€™Shea Dugas,T,,"$1,833",0.00%,,,,,,,,,,table_dead,2021
Jacob Dolegala,QB,,"$1,667",0.00%,,,,,,,,,,table_dead,2021
Isaiah Swann,CB,,"$1,334",0.00%,,,,,,,,,,table_dead,2021
Mitchell Wilcox,TE,,$667,0.00%,,,,,,,,,,table_dead,2021
Riley Lees,WR,,$500,0.00%,,,,,,,,,,table_dead,2021
Trey Hendrickson,DE,28,"$14,488,235",6.96%,"($13,500,000)","$5,800,000","$2,500,000",-,"$6,188,235",-,-,-,-,table_active,2022
D.J. Reader,DT,28,"$13,665,441",6.56%,"($8,325,000)","$9,050,000","$4,062,500",-,"$352,941",-,"$200,000",-,-,table_active,2022
Jessie Bates III,S,25,"$12,911,000",6.20%,"($12,911,000)","$12,911,000",-,-,-,-,-,-,-,table_active,2022
Joe Mixon,RB,26,"$11,420,589",5.49%,"($8,450,000)","$8,000,000","$2,000,000",-,"$470,589",-,"$200,000","$750,000",-,table_active,2022
Tyler Boyd,WR,28,"$10,100,000",4.85%,"($3,000,000)","$8,250,000","$1,400,000",-,"$250,000",-,"$200,000",-,-,table_active,2022
Joe Burrow,QB,26,"$9,870,037",4.74%,"($21,385,081)","$895,000","$5,970,025",-,"$3,005,012",-,-,-,-,table_active,2022
B.J. Hill,DT,27,"$8,333,333",4.00%,"($13,100,000)","$1,900,000","$3,333,333",-,"$3,000,000",-,"$100,000",-,-,table_active,2022
Vonn Bell,FS,28,"$7,488,235",3.60%,"($1,200,000)","$6,100,000","$1,000,000",-,"$188,235",-,"$200,000",-,-,table_active,2022
Sam Hubbard,DE,27,"$7,183,000",3.45%,"($8,100,000)","$2,833,000","$2,000,000",-,"$2,250,000",-,"$100,000",-,-,table_active,2022
Ja'Marr Chase,WR,22,"$7,004,464",3.36%,"($25,216,070)","$825,000","$4,943,571",-,"$1,235,893",-,-,-,-,table_active,2022
Alex Cappa,G,27,"$6,750,000",3.24%,"($11,500,000)","$1,500,000","$2,250,000",-,"$2,500,000",-,"$500,000",-,-,table_active,2022
Jonah Williams,LT,25,"$5,609,598",2.69%,"($5,609,598)","$2,899,113","$2,710,485",-,-,-,-,-,-,table_active,2022
Mike Hilton,CB,28,"$5,000,000",2.40%,"($3,500,000)","$3,000,000","$1,000,000",-,"$500,000",-,"$500,000",-,-,table_active,2022
Ted Karras,C,29,"$5,000,000",2.40%,"($5,100,000)","$1,600,000","$1,000,000",-,"$2,300,000",-,"$100,000",-,-,table_active,2022
Eli Apple,CB,27,"$3,750,000",1.80%,"($1,100,000)","$1,900,000","$1,000,000",-,"$500,000",-,"$100,000",-,"$250,000",table_active,2022
Hayden Hurst,TE,29,"$3,476,466",1.67%,"($2,100,000)","$1,300,000","$2,000,000",-,"$76,466",-,"$100,000",-,-,table_active,2022
Germaine Pratt,ILB,26,"$2,803,221",1.35%,"($263,221)","$2,540,000","$263,221",-,-,-,-,-,-,table_active,2022
Max Scharping,G,26,"$2,540,000",1.22%,-,"$2,540,000",-,-,-,-,-,-,-,table_active,2022
Tee Higgins,WR,23,"$2,369,124",1.14%,"($2,938,832)","$1,399,708","$969,416",-,-,-,-,-,-,table_active,2022
Daxton Hill,S,22,"$2,121,275",1.02%,"($11,667,013)","$705,000","$1,416,275",-,-,-,-,-,-,table_active,2022
Samaje Perine,RB,27,"$1,850,000",0.89%,"($450,000)","$1,400,000","$350,000",-,-,-,"$100,000",-,-,table_active,2022
Tre Flowers,CB,29,"$1,838,240",0.88%,"($550,000)","$1,100,000","$500,000",-,"$188,240",-,"$50,000",-,-,table_active,2022
Jackson Carman,G,22,"$1,693,170",0.81%,"($3,082,242)","$998,634","$694,536",-,-,-,-,-,-,table_active,2022
Josh Tupou,DT,28,"$1,400,000",0.67%,"($350,000)","$1,100,000","$150,000",-,"$100,000",-,"$50,000",-,-,table_active,2022
Logan Wilson,OLB,26,"$1,348,798",0.65%,"($578,398)","$1,059,599","$289,199",-,-,-,-,-,-,table_active,2022
Brandon Allen,QB,30,"$1,200,000",0.58%,-,"$1,200,000",-,-,-,-,-,-,-,table_active,2022
Joseph Ossai,LB,22,"$1,180,140",0.57%,"($852,336)","$896,028","$284,112",-,-,-,-,-,-,table_active,2022
Trent Taylor,WR,28,"$1,135,000",0.55%,"($50,000)","$1,035,000","$25,000",-,"$50,000",-,"$25,000",-,-,table_active,2022
Michael Thomas,FS,32,"$1,120,000",0.54%,-,"$1,120,000",-,-,-,-,-,-,-,table_active,2022
Akeem Davis-Gaither,OLB,25,"$1,099,378",0.53%,"($408,756)","$895,000","$204,378",-,-,-,-,-,-,table_active,2022
Cam Taylor-Britt,CB,23,"$1,082,314",0.52%,"($1,509,256)","$705,000","$377,314",-,-,-,-,-,-,table_active,2022
Stanley Morgan,WR,26,"$1,065,000",0.51%,"($150,000)","$965,000","$50,000",-,-,-,"$50,000",-,-,table_active,2022
Jalen Davis,CB,26,"$1,035,000",0.50%,-,"$1,035,000",-,-,-,-,-,-,-,table_active,2022
Cameron Sample,DE,23,"$1,022,036",0.49%,"($591,108)","$825,000","$197,036",-,-,-,-,-,-,table_active,2022
Devin Asiasi,TE,25,"$1,007,000",0.48%,-,"$1,007,000",-,-,-,-,-,-,-,table_active,2022
Isaiah Prince,LT,25,"$965,000",0.46%,-,"$965,000",-,-,-,-,-,-,-,table_active,2022
Trayveon Williams,RB,25,"$965,000",0.46%,-,"$965,000",-,-,-,-,-,-,-,table_active,2022
D'ante Smith,G,24,"$949,836",0.46%,"($374,508)","$825,000","$124,836",-,-,-,-,-,-,table_active,2022
Hakeem Adeniji,LT,25,"$947,971",0.46%,"($105,942)","$895,000","$52,971",-,-,-,-,-,-,table_active,2022
Zach Carter,DT,23,"$923,625",0.44%,"($874,500)","$705,000","$218,625",-,-,-,-,-,-,table_active,2022
Markus Bailey,ILB,25,"$923,424",0.44%,"($56,848)","$895,000","$28,424",-,-,-,-,-,-,table_active,2022
Evan McPherson,K,23,"$910,928",0.44%,"($257,784)","$825,000","$85,928",-,-,-,-,-,-,table_active,2022
Trey Hill,C,22,"$873,088",0.42%,"($144,264)","$825,000","$48,088",-,-,-,-,-,-,table_active,2022
Cordell Volson,G,24,"$869,221",0.42%,"($656,884)","$705,000","$164,221",-,-,-,-,-,-,table_active,2022
Chris Evans,RB,25,"$868,222",0.42%,"($129,666)","$825,000","$43,222",-,-,-,-,-,-,table_active,2022
Clay Johnston,LB,26,"$825,000",0.40%,-,"$825,000",-,-,-,-,-,-,-,table_active,2022
Jay Tufele,DT,23,"$825,000",0.40%,-,"$825,000",-,-,-,-,-,-,-,table_active,2022
Mitchell Wilcox,TE,26,"$825,000",0.40%,-,"$825,000",-,-,-,-,-,-,-,table_active,2022
Jeffrey Gunter,DE,23,"$724,510",0.35%,"($78,040)","$705,000","$19,510",-,-,-,-,-,-,table_active,2022
Cal Adomitis,LS,24,"$665,833",0.32%,-,"$705,000",-,-,-,-,-,-,-,table_active,2022
Joe Bachie,LB,24,"$480,000",0.23%,-,"$480,000",-,-,-,-,-,-,-,table_active,2022
Trenton Irwin,WR,27,"$320,831",0.15%,-,"$825,000",-,-,-,-,-,-,-,table_active,2022
Drue Chrisman,P,23,"$195,835",0.09%,-,"$705,000",-,-,-,-,-,-,-,table_active,2022
Allan George,CB,23,"$78,334",0.04%,-,"$705,000",-,-,-,-,-,-,-,table_active,2022
Chidobe Awuzie,CB,27,"$7,302,941",3.51%,"($3,200,000)","$5,250,000","$1,500,000",-,"$352,941",-,"$200,000",-,-,table_injured,2022
La'el Collins,RT,29,"$4,666,666",2.24%,"($5,100,000)","$1,200,000","$1,666,666",-,"$1,700,000",-,"$100,000",-,-,table_injured,2022
Drew Sample,TE,26,"$1,752,003",0.84%,-,"$1,245,858","$506,145",-,-,-,-,-,-,table_injured,2022
Clark Harris,LS,38,"$1,272,500",0.61%,"($152,500)","$1,120,000","$152,500",-,-,-,-,-,-,table_injured,2022
Tycen Anderson,S,23,"$506,521",0.24%,"($306,084)","$430,000","$76,521",-,-,-,-,-,-,table_injured,2022
Ben Brown,C,24,"$436,666",0.21%,"($20,000)","$430,000","$6,666",-,-,-,-,-,-,table_injured,2022
Elijah Holyfield,RB,25,"$430,000",0.21%,-,"$430,000",-,-,-,-,-,-,-,table_injured,2022
Nick Bowers,TE,,"$207,000",0.10%,,,,,,,,,,table_practice-squad,2022
Jake Browning,QB,,"$207,000",0.10%,,,,,,,,,,table_practice-squad,2022
Devin Cochran,T,,"$207,000",0.10%,,,,,,,,,,table_practice-squad,2022
Yusuf Corker,S,,"$207,000",0.10%,,,,,,,,,,table_practice-squad,2022
Nate Gilliam,G,,"$207,000",0.10%,,,,,,,,,,table_practice-squad,2022
Raymond Johnson III,DE,,"$207,000",0.10%,,,,,,,,,,table_practice-squad,2022
Keandre Jones,LB,,"$207,000",0.10%,,,,,,,,,,table_practice-squad,2022
Kwamie Lassiter,WR,,"$207,000",0.10%,,,,,,,,,,table_practice-squad,2022
Marvell Tell,CB,,"$207,000",0.10%,,,,,,,,,,table_practice-squad,2022
Isaiah Prince,T,,"$107,800",0.05%,,,,,,,,,,table_practice-squad,2022
Domenique Davis,DT,,"$103,500",0.05%,,,,,,,,,,table_practice-squad,2022
Kevin Huber,P,,"$99,500",0.05%,,,,,,,,,,table_practice-squad,2022
Owen Carney,DE,,"$69,000",0.03%,,,,,,,,,,table_practice-squad,2022
Tyron Johnson,WR,,"$69,000",0.03%,,,,,,,,,,table_practice-squad,2022
Tanner Hudson,TE,,"$57,500",0.03%,,,,,,,,,,table_practice-squad,2022
Trae Waynes,CB,,"$5,000,000",2.40%,,,,,,,,,,table_dead,2022
Riley Reiff,LT,,"$2,750,000",1.32%,,,,,,,,,,table_dead,2022
Kevin Huber,P,,"$1,850,000",0.89%,,,,,,,,,,table_dead,2022
Mike Thomas,WR,,"$1,135,000",0.55%,,,,,,,,,,table_dead,2022
Trey Hopkins,G,,"$1,125,000",0.54%,,,,,,,,,,table_dead,2022
Isaiah Prince,T,,"$589,721",0.28%,,,,,,,,,,table_dead,2022
Khalid Kareem,DE,,"$337,229",0.16%,,,,,,,,,,table_dead,2022
Xavier Su'a-Filo,G,,"$333,334",0.16%,,,,,,,,,,table_dead,2022
Brandon Allen,QB,,"$300,000",0.14%,,,,,,,,,,table_dead,2022
Tyler Shelvin,DT,,"$275,807",0.13%,,,,,,,,,,table_dead,2022
Allan George,CB,,"$195,500",0.09%,,,,,,,,,,table_dead,2022
Renell Wren,DT,,"$170,649",0.08%,,,,,,,,,,table_dead,2022
Drue Chrisman,P,,"$149,500",0.07%,,,,,,,,,,table_dead,2022
Tyler Shelvin,DT,,"$149,500",0.07%,,,,,,,,,,table_dead,2022
Trenton Irwin,WR,,"$137,499",0.07%,,,,,,,,,,table_dead,2022
Trenton Irwin,WR,,"$126,500",0.06%,,,,,,,,,,table_dead,2022
Tegray Scales,LB,,"$126,500",0.06%,,,,,,,,,,table_dead,2022
Michael Jordan,G,,"$122,098",0.06%,,,,,,,,,,table_dead,2022
Allan George,CB,,"$117,834",0.06%,,,,,,,,,,table_dead,2022
Domenique Davis,DT,,"$92,000",0.04%,,,,,,,,,,table_dead,2022
Jake Browning,QB,,"$78,334",0.04%,,,,,,,,,,table_dead,2022
Drue Chrisman,P,,"$78,334",0.04%,,,,,,,,,,table_dead,2022
Domenique Davis,DT,,"$78,334",0.04%,,,,,,,,,,table_dead,2022
Desmond Noel,G,,"$72,499",0.03%,,,,,,,,,,table_dead,2022
Khalid Kareem,DE,,"$69,000",0.03%,,,,,,,,,,table_dead,2022
Michael Thomas,FS,,"$50,000",0.02%,,,,,,,,,,table_dead,2022
Keandre Jones,LB,,"$45,833",0.02%,,,,,,,,,,table_dead,2022
Trayveon Williams,RB,,"$45,496",0.02%,,,,,,,,,,table_dead,2022
Drue Chrisman,P,,"$44,167",0.02%,,,,,,,,,,table_dead,2022
Kwamie Lassiter,WR,,"$44,167",0.02%,,,,,,,,,,table_dead,2022
Wyatt Hubert,DE,,"$26,052",0.01%,,,,,,,,,,table_dead,2022
Antonio Phillips,CB,,"$16,667",0.01%,,,,,,,,,,table_dead,2022
Pooka Williams,RB,,"$13,334",0.01%,,,,,,,,,,table_dead,2022
Cal Adomitis,LS,,"$11,500",0.01%,,,,,,,,,,table_dead,2022
Pro Wells,TE,,"$10,000",0.00%,,,,,,,,,,table_dead,2022
Tariqious Tisdale,DT,,"$6,666",0.00%,,,,,,,,,,table_dead,2022
Jaivon Heiligh,WR,,"$5,833",0.00%,,,,,,,,,,table_dead,2022
Devin Cochran,T,,"$5,000",0.00%,,,,,,,,,,table_dead,2022
Clarence Hicks,LB,,"$5,000",0.00%,,,,,,,,,,table_dead,2022
Carson Wells,LB,,"$3,333",0.00%,,,,,,,,,,table_dead,2022
Cal Adomitis,LS,,"$3,000",0.00%,,,,,,,,,,table_dead,2022
Justin Rigg,TE,,"$2,500",0.00%,,,,,,,,,,table_dead,2022
Delonte Hood,CB,,"$1,333",0.00%,,,,,,,,,,table_dead,2022
Riley Lees,WR,,"$1,000",0.00%,,,,,,,,,,table_dead,2022
Kendric Pryor,WR,,"$1,000",0.00%,,,,,,,,,,table_dead,2022
Brendan Radley-Hiles,CB,,"$1,000",0.00%,,,,,,,,,,table_dead,2022
Shermari Jones,RB,,$833,0.00%,,,,,,,,,,table_dead,2022
Jack Sorenson,WR,,$333,0.00%,,,,,,,,,,table_dead,2022
Trey Hendrickson,DE,29,"$15,143,126",6.74%,"($22,800,000)","$6,800,000","$5,166,666","$176,460","$3,000,000",-,-,-,-,table_active,2023
Jonah Williams,RT,26,"$12,604,000",5.61%,"($12,604,000)","$12,604,000",-,-,-,-,-,-,-,table_active,2023
B.J. Hill,DT,28,"$10,833,333",4.82%,"($13,966,667)","$4,700,000","$3,333,333","$200,000","$2,500,000",-,"$100,000",-,-,table_active,2023
Orlando Brown Jr.,LT,27,"$10,354,000",4.61%,"($32,975,000)","$1,500,000","$7,775,000","$704,000",-,-,"$375,000",-,-,table_active,2023
Tyler Boyd,WR,29,"$10,300,000",4.58%,"($10,050,000)","$8,450,000","$1,400,000","$250,000",-,-,"$200,000",-,-,table_active,2023
Sam Hubbard,DE,28,"$9,970,575",4.44%,"($13,750,000)","$7,650,000","$2,000,000","$220,575",-,-,"$100,000",-,-,table_active,2023
Joe Mixon,RB,27,"$8,850,000",3.94%,"($9,828,000)","$1,082,000","$2,000,000","$340,000","$4,128,000",-,"$200,000","$750,000","$350,000",table_active,2023
Alex Cappa,G,28,"$8,720,592",3.88%,"($12,750,000)","$5,500,000","$2,250,000","$470,592",-,-,"$500,000",-,-,table_active,2023
Ja'Marr Chase,WR,23,"$8,405,357",3.74%,"($18,211,606)","$940,000","$4,943,571",-,"$2,521,786",-,-,-,-,table_active,2023
Chidobe Awuzie,CB,28,"$8,102,935",3.60%,"($7,750,000)","$6,050,000","$1,500,000","$352,935",-,-,"$200,000",-,-,table_active,2023
Mike Hilton,CB,29,"$6,050,000",2.69%,"($6,550,000)","$4,350,000","$1,000,000","$500,000",-,-,"$200,000",-,-,table_active,2023
Ted Karras,C,30,"$5,570,592",2.48%,"($6,100,000)","$4,000,000","$1,000,000","$470,592",-,-,"$100,000",-,-,table_active,2023
Germaine Pratt,LB,27,"$5,433,333",2.42%,"($9,850,000)","$2,750,000","$2,333,333","$250,000",-,-,"$100,000",-,-,table_active,2023
Tee Higgins,WR,24,"$3,962,416",1.76%,"($969,416)","$2,993,000","$969,416",-,-,-,-,-,-,table_active,2023
Logan Wilson,LB,27,"$3,299,199",1.47%,"($14,289,199)","$1,010,000","$2,289,199",-,-,-,-,-,-,table_active,2023
Daxton Hill,CB,23,"$2,651,594",1.18%,"($9,545,738)","$1,235,319","$1,416,275",-,-,-,-,-,-,table_active,2023
Nick Scott,SS,28,"$2,400,000",1.07%,"($3,100,000)","$1,100,000","$1,000,000","$200,000",-,-,"$100,000",-,-,table_active,2023
Myles Murphy,DE,21,"$2,288,593",1.02%,"($12,587,262)","$750,000","$1,538,593",-,-,-,-,-,-,table_active,2023
Jackson Carman,RT,23,"$2,031,804",0.90%,"($1,389,072)","$1,337,268","$694,536",-,-,-,-,-,-,table_active,2023
Irv Smith,TE,25,"$1,750,000",0.78%,"($1,750,000)","$1,250,000","$400,000",-,-,-,"$100,000",-,-,table_active,2023
Josh Tupou,DT,29,"$1,582,348",0.70%,"($1,500,000)","$1,300,000","$150,000","$82,348",-,-,"$50,000",-,-,table_active,2023
Joseph Ossai,LB,23,"$1,416,168",0.63%,"($568,224)","$1,132,056","$284,112",-,-,-,-,-,-,table_active,2023
Cam Taylor-Britt,CB,24,"$1,352,892",0.60%,"($1,131,942)","$975,578","$377,314",-,-,-,-,-,-,table_active,2023
Max Scharping,G,27,"$1,280,000",0.57%,"($1,280,000)","$1,080,000","$175,000",-,-,-,"$25,000",-,-,table_active,2023
Akeem Davis-Gaither,OLB,26,"$1,214,378",0.54%,"($204,378)","$1,010,000","$204,378",-,-,-,-,-,-,table_active,2023
Jalen Davis,CB,27,"$1,205,000",0.54%,"($1,280,000)","$1,080,000","$75,000",-,"$25,000",-,"$25,000",-,-,table_active,2023
Zach Carter,DT,24,"$1,154,531",0.51%,"($655,875)","$935,906","$218,625",-,-,-,-,-,-,table_active,2023
Cameron Sample,DE,24,"$1,137,036",0.51%,"($394,072)","$940,000","$197,036",-,-,-,-,-,-,table_active,2023
D.J. Turner,CB,23,"$1,120,008",0.50%,"($3,260,034)","$750,000","$370,008",-,-,-,-,-,-,table_active,2023
Joe Bachie,LB,25,"$1,110,000",0.49%,"($150,000)","$1,010,000","$75,000",-,"$50,000",-,"$25,000",-,-,table_active,2023
Drew Sample,TE,27,"$1,092,500",0.49%,"($1,157,500)","$1,080,000","$52,500",-,"$75,000",-,"$25,000",-,-,table_active,2023
Trayveon Williams,RB,26,"$1,092,500",0.49%,"($1,232,500)","$1,080,000","$52,500",-,"$75,000",-,"$25,000",-,-,table_active,2023
D'ante Smith,G,25,"$1,064,836",0.47%,"($249,672)","$940,000","$124,836",-,-,-,-,-,-,table_active,2023
Mitchell Wilcox,TE,27,"$1,040,000",0.46%,"($100,000)","$940,000","$25,000",-,"$75,000",-,-,-,-,table_active,2023
Markus Bailey,ILB,26,"$1,038,424",0.46%,"($28,424)","$1,010,000","$28,424",-,-,-,-,-,-,table_active,2023
Cordell Volson,G,25,"$1,034,221",0.46%,"($492,663)","$870,000","$164,221",-,-,-,-,-,-,table_active,2023
Evan McPherson,K,24,"$1,025,928",0.46%,"($171,856)","$940,000","$85,928",-,-,-,-,-,-,table_active,2023
Trey Hill,C,23,"$988,088",0.44%,"($96,176)","$940,000","$48,088",-,-,-,-,-,-,table_active,2023
Chris Evans,RB,26,"$983,222",0.44%,"($86,444)","$940,000","$43,222",-,-,-,-,-,-,table_active,2023
Jordan Battle,S,23,"$968,185",0.43%,"($872,740)","$750,000","$218,185",-,-,-,-,-,-,table_active,2023
Cody Ford,G,27,"$940,000",0.42%,"($1,080,000)","$1,080,000",-,-,-,-,-,-,-,table_active,2023
Trenton Irwin,WR,28,"$940,000",0.42%,-,"$940,000",-,-,-,-,-,-,-,table_active,2023
Jay Tufele,DT,24,"$940,000",0.42%,-,"$940,000",-,-,-,-,-,-,-,table_active,2023
Cal Adomitis,LS,25,"$870,000",0.39%,-,"$870,000",-,-,-,-,-,-,-,table_active,2023
Charlie Jones,WR,25,"$803,027",0.36%,"($678,776)","$633,333","$169,694",-,-,-,-,-,-,table_active,2023
Andrei Iosivas,WR,24,"$789,846",0.35%,"($159,384)","$750,000","$39,846",-,-,-,-,-,-,table_active,2023
Brad Robbins,P,25,"$783,334",0.35%,"($133,336)","$750,000","$33,334",-,-,-,-,-,-,table_active,2023
Chase Brown,RB,23,"$754,873",0.34%,"($286,156)","$683,334","$71,539",-,-,-,-,-,-,table_active,2023
Jake Browning,QB,27,"$750,000",0.33%,-,"$750,000",-,-,-,-,-,-,-,table_active,2023
Devin Harper,LB,25,"$725,000",0.32%,-,"$870,000",-,-,-,-,-,-,-,table_active,2023
Tanner Hudson,TE,29,"$522,220",0.23%,-,"$940,000",-,-,-,-,-,-,-,table_active,2023
A.J. McCarron,QB,33,"$313,332",0.14%,-,"$1,165,000",-,-,-,-,-,-,-,table_active,2023
Travis Bell,DT,25,"$125,000",0.06%,-,"$750,000",-,-,-,-,-,-,-,table_active,2023
Joe Burrow,QB,27,"$19,515,043",8.68%,"($174,229,043)","$1,010,000","$13,970,025",-,"$4,535,018",-,-,-,-,table_injured,2023
D.J. Reader,DT,29,"$15,591,906",6.94%,"($15,262,500)","$11,000,000","$4,062,500","$329,406",-,-,"$200,000",-,-,table_injured,2023
D.J. Ivey,CB,23,"$770,163",0.34%,"($80,652)","$750,000","$20,163",-,-,-,-,-,-,table_injured,2023
Tycen Anderson,S,24,"$659,854",0.29%,"($229,563)","$583,333","$76,521",-,-,-,-,-,-,table_injured,2023
Devonnsha Maxwell,DT,24,"$458,333",0.20%,"($25,000)","$450,000","$8,333",-,-,-,-,-,-,table_injured,2023
Devin Cochran,T,25,"$450,000",0.20%,-,"$450,000",-,-,-,-,-,-,-,table_injured,2023
Jaxson Kirkland,G,25,"$216,000",0.10%,-,"$216,000",-,-,-,-,-,-,-,table_injured,2023
Sidney Jones,CB,,"$306,000",0.14%,,,,,,,,,,table_practice-squad,2023
Stanley Morgan,WR,,"$306,000",0.14%,,,,,,,,,,table_practice-squad,2023
Michael Thomas,FS,,"$289,800",0.13%,,,,,,,,,,table_practice-squad,2023
Demetric Felton,WR,,"$216,000",0.10%,,,,,,,,,,table_practice-squad,2023
Allan George,CB,,"$216,000",0.10%,,,,,,,,,,table_practice-squad,2023
Nate Gilliam,G,,"$216,000",0.10%,,,,,,,,,,table_practice-squad,2023
Jeffrey Gunter,DE,,"$216,000",0.10%,,,,,,,,,,table_practice-squad,2023
Shaka Heyward,LB,,"$216,000",0.10%,,,,,,,,,,table_practice-squad,2023
Shedrick Jackson,WR,,"$216,000",0.10%,,,,,,,,,,table_practice-squad,2023
Kwamie Lassiter,WR,,"$216,000",0.10%,,,,,,,,,,table_practice-squad,2023
Kendric Pryor,WR,,"$168,000",0.07%,,,,,,,,,,table_practice-squad,2023
Clay Johnston,LB,,"$161,000",0.07%,,,,,,,,,,table_practice-squad,2023
Drew Plitt,QB,,"$84,000",0.04%,,,,,,,,,,table_practice-squad,2023
Domenique Davis,DT,,"$24,000",0.01%,,,,,,,,,,table_practice-squad,2023
La'el Collins,RT,,"$1,666,666",0.74%,,,,,,,,,,table_dead,2023
Tyler Shelvin,DT,,"$368,282",0.16%,,,,,,,,,,table_dead,2023
Zach Gentry,TE,,"$329,600",0.15%,,,,,,,,,,table_dead,2023
Stanley Morgan,WR,,"$280,000",0.12%,,,,,,,,,,table_dead,2023
A.J. McCarron,QB,,"$206,000",0.09%,,,,,,,,,,table_dead,2023
Domenique Davis,DT,,"$180,000",0.08%,,,,,,,,,,table_dead,2023
Trevor Siemian,QB,,"$152,500",0.07%,,,,,,,,,,table_dead,2023
Shedrick Jackson,WR,,"$127,501",0.06%,,,,,,,,,,table_dead,2023
Sidney Jones,CB,,"$120,000",0.05%,,,,,,,,,,table_dead,2023
Tanner Hudson,TE,,"$104,444",0.05%,,,,,,,,,,table_dead,2023
Tanner Hudson,TE,,"$96,000",0.04%,,,,,,,,,,table_dead,2023
Khalid Kareem,DE,,"$88,619",0.04%,,,,,,,,,,table_dead,2023
Wyatt Hubert,DE,,"$78,156",0.03%,,,,,,,,,,table_dead,2023
Trent Taylor,WR,,"$77,500",0.03%,,,,,,,,,,table_dead,2023
A.J. McCarron,QB,,"$64,722",0.03%,,,,,,,,,,table_dead,2023
Will Grier,QB,,"$61,800",0.03%,,,,,,,,,,table_dead,2023
Hakeem Adeniji,G,,"$52,971",0.02%,,,,,,,,,,table_dead,2023
Marvell Tell,CB,,"$52,778",0.02%,,,,,,,,,,table_dead,2023
Kwamie Lassiter,WR,,"$51,667",0.02%,,,,,,,,,,table_dead,2023
Reid Sinnett,QB,,"$48,333",0.02%,,,,,,,,,,table_dead,2023
Domenique Davis,DT,,"$41,667",0.02%,,,,,,,,,,table_dead,2023
Tautala Pesefea,DT,,"$25,000",0.01%,,,,,,,,,,table_dead,2023
Garrett Nelson,LB,,"$24,000",0.01%,,,,,,,,,,table_dead,2023
Reid Sinnett,QB,,"$24,000",0.01%,,,,,,,,,,table_dead,2023
Jeffrey Gunter,DE,,"$19,510",0.01%,,,,,,,,,,table_dead,2023
Tariqious Tisdale,DT,,"$13,334",0.01%,,,,,,,,,,table_dead,2023
Jaivon Heiligh,WR,,"$11,667",0.01%,,,,,,,,,,table_dead,2023
Devin Cochran,T,,"$10,000",0.00%,,,,,,,,,,table_dead,2023
Shaka Heyward,LB,,"$10,000",0.00%,,,,,,,,,,table_dead,2023
Clarence Hicks,LB,,"$10,000",0.00%,,,,,,,,,,table_dead,2023
Jaxson Kirkland,G,,"$10,000",0.00%,,,,,,,,,,table_dead,2023
Carson Wells,LB,,"$6,667",0.00%,,,,,,,,,,table_dead,2023
Ben Brown,C,,"$6,666",0.00%,,,,,,,,,,table_dead,2023
Cal Adomitis,LS,,"$6,000",0.00%,,,,,,,,,,table_dead,2023
Justin Rigg,TE,,"$5,000",0.00%,,,,,,,,,,table_dead,2023
Jacob Saylors,RB,,"$3,333",0.00%,,,,,,,,,,table_dead,2023
Larry Brooks,S,,"$2,833",0.00%,,,,,,,,,,table_dead,2023
Delonte Hood,CB,,"$2,667",0.00%,,,,,,,,,,table_dead,2023
Kendric Pryor,WR,,"$2,000",0.00%,,,,,,,,,,table_dead,2023
Brendan Radley-Hiles,CB,,"$2,000",0.00%,,,,,,,,,,table_dead,2023
Shermari Jones,RB,,"$1,667",0.00%,,,,,,,,,,table_dead,2023
Desmond Noel,G,,"$1,667",0.00%,,,,,,,,,,table_dead,2023
Calvin Tyler Jr.,RB,,"$1,666",0.00%,,,,,,,,,,table_dead,2023
Allan George,CB,,$667,0.00%,,,,,,,,,,table_dead,2023
Jack Sorenson,WR,,$667,0.00%,,,,,,,,,,table_dead,2023
Tyler Murray,LB,,$500,0.00%,,,,,,,,,,table_dead,2023
Christian Trahan,TE,,$500,0.00%,,,,,,,,,,table_dead,2023
Jaylen Moody,LB,,$333,0.00%,,,,,,,,,,table_dead,2023
Joe Burrow,QB,28,"$29,714,000",11.63%,"($154,714,000)","$10,714,000","$8,000,000",-,-,"$11,000,000",-,-,-,table_active,2024
Tee Higgins,WR,25,"$21,816,000",8.54%,"($21,816,000)","$21,816,000",-,-,-,-,-,-,-,table_active,2024
Trey Hendrickson,DE,30,"$20,166,666",7.90%,"($7,833,334)","$14,800,000","$5,166,666","$200,000",-,-,-,-,-,table_active,2024
B.J. Hill,DT,29,"$10,833,334",4.24%,"($3,333,334)","$7,200,000","$3,333,334","$200,000",-,-,"$100,000",-,-,table_active,2024
Sam Hubbard,DE,29,"$10,120,575",3.96%,"($4,000,000)","$7,800,000","$2,000,000","$220,575",-,-,"$100,000",-,-,table_active,2024
Ja'Marr Chase,WR,24,"$9,806,250",3.84%,"($31,622,249)","$1,055,000","$4,943,571",-,"$3,807,679",-,-,-,-,table_active,2024
Alex Cappa,G,29,"$9,250,000",3.62%,"($4,500,000)","$6,000,000","$2,250,000","$500,000",-,-,"$500,000",-,-,table_active,2024
Mike Hilton,CB,30,"$7,450,000",2.92%,"($1,000,000)","$5,750,000","$1,000,000","$500,000",-,-,"$200,000",-,-,table_active,2024
Germaine Pratt,ILB,28,"$7,133,333",2.79%,"($5,666,667)","$3,200,000","$2,333,333","$250,000","$1,000,000",-,"$100,000",-,"$250,000",table_active,2024
Ted Karras,C,31,"$7,100,000",2.78%,"($4,000,000)","$4,000,000","$2,500,000","$500,000",-,-,"$100,000",-,-,table_active,2024
Geno Stone,S,25,"$6,025,000",2.36%,"($6,000,000)","$1,125,000","$1,500,000","$300,000","$3,000,000",-,"$100,000",-,-,table_active,2024
Drew Sample,TE,28,"$4,900,000",1.92%,"($2,350,000)","$2,250,000",-,"$250,000","$2,350,000",-,"$50,000",-,-,table_active,2024
Myles Murphy,DE,22,"$2,860,741",1.12%,"($10,298,669)","$1,322,148","$1,538,593",-,-,-,-,-,-,table_active,2024
Amarius Mims,RT,22,"$2,794,829",1.09%,"($15,371,558)","$795,000","$1,999,829",-,-,-,-,-,-,table_active,2024
Akeem Davis-Gaither,OLB,27,"$2,544,382",1.00%,"($675,500)","$1,125,000",-,"$643,882","$675,500",-,"$100,000",-,-,table_active,2024
Mike Gesicki,TE,29,"$2,500,000",0.98%,"($400,000)","$1,500,000",-,"$500,000","$400,000",-,"$100,000",-,-,table_active,2024
Joseph Ossai,DE,24,"$1,652,196",0.65%,"($284,112)","$1,368,084","$284,112",-,-,-,-,-,-,table_active,2024
Cam Taylor-Britt,CB,25,"$1,623,471",0.64%,"($754,628)","$1,246,157","$377,314",-,-,-,-,-,-,table_active,2024
Kris Jenkins,DT,23,"$1,429,175",0.56%,"($5,480,322)","$795,000","$634,175",-,-,-,-,-,-,table_active,2024
Cody Ford,G,28,"$1,350,000",0.53%,"($175,000)","$1,125,000",-,-,"$175,000",-,"$50,000",-,-,table_active,2024
Jordan Battle,S,24,"$1,210,231",0.47%,"($654,555)","$992,046","$218,185",-,-,-,-,-,-,table_active,2024
Vonn Bell,S,30,"$1,210,000",0.47%,-,"$1,210,000",-,-,-,-,-,-,-,table_active,2024
Tanner Hudson,TE,30,"$1,152,500",0.45%,"($167,500)","$1,125,000","$167,500",-,-,-,-,-,-,table_active,2024
Cordell Volson,G,26,"$1,149,221",0.45%,"($328,442)","$985,000","$164,221",-,-,-,-,-,-,table_active,2024
Charlie Jones,WR,26,"$1,084,694",0.42%,"($509,082)","$915,000","$169,694",-,-,-,-,-,-,table_active,2024
Tycen Anderson,S,25,"$1,061,521",0.42%,"($153,042)","$985,000","$76,521",-,-,-,-,-,-,table_active,2024
Jermaine Burton,WR,23,"$1,058,345",0.41%,"($1,053,380)","$795,000","$263,345",-,-,-,-,-,-,table_active,2024
Jay Tufele,DT,25,"$1,055,000",0.41%,-,"$1,055,000",-,-,-,-,-,-,-,table_active,2024
Chase Brown,RB,24,"$986,539",0.39%,"($214,617)","$915,000","$71,539",-,-,-,-,-,-,table_active,2024
Trayveon Williams,RB,27,"$985,000",0.39%,-,"$1,125,000",-,-,-,-,-,-,-,table_active,2024
Cal Adomitis,LS,26,"$985,000",0.39%,-,"$985,000",-,-,-,-,-,-,-,table_active,2024
Andrei Iosivas,WR,25,"$954,846",0.37%,"($119,538)","$915,000","$39,846",-,-,-,-,-,-,table_active,2024
McKinnley Jackson,DT,23,"$945,288",0.37%,"($890,044)","$722,777","$222,511",-,-,-,-,-,-,table_active,2024
D.J. Ivey,CB,24,"$935,163",0.37%,"($60,489)","$915,000","$20,163",-,-,-,-,-,-,table_active,2024
Jake Browning,QB,28,"$915,000",0.36%,-,"$915,000",-,-,-,-,-,-,-,table_active,2024
Marco Wilson,CB,25,"$903,257",0.35%,-,"$466,669",-,"$20,588",-,-,-,-,"$416,000",table_active,2024
Josh Newton,CB,24,"$879,319",0.34%,"($337,276)","$795,000","$84,319",-,-,-,-,-,-,table_active,2024
Tanner McLachlan,TE,25,"$840,764",0.33%,"($183,056)","$795,000","$45,764",-,-,-,-,-,-,table_active,2024
Cedric Johnson,DE,22,"$829,597",0.32%,"($138,388)","$795,000","$34,597",-,-,-,-,-,-,table_active,2024
Daijahn Anthony,S,24,"$824,446",0.32%,"($117,784)","$795,000","$29,446",-,-,-,-,-,-,table_active,2024
Matt Lee,C,23,"$820,438",0.32%,"($101,752)","$795,000","$25,438",-,-,-,-,-,-,table_active,2024
Maema Njongmeta,OLB,23,"$800,000",0.31%,"($15,000)","$795,000","$5,000",-,-,-,-,-,-,table_active,2024
Ryan Rehkow,P,26,"$795,000",0.31%,-,"$795,000",-,-,-,-,-,-,-,table_active,2024
Khalil Herbert,RB,26,"$527,500",0.21%,-,"$527,500",-,-,-,-,-,-,-,table_active,2024
Cam Grandy,TE,24,"$353,336",0.14%,-,"$795,000",-,-,-,-,-,-,-,table_active,2024
Isaiah Williams,WR,23,"$353,336",0.14%,-,"$795,000",-,-,-,-,-,-,-,table_active,2024
Devin Cochran,RT,26,"$305,000",0.12%,-,"$915,000",-,-,-,-,-,-,-,table_active,2024
Shaka Heyward,OLB,24,"$220,835",0.09%,-,"$795,000",-,-,-,-,-,-,-,table_active,2024
Andrew Stueber,LT,25,"$220,835",0.09%,-,"$795,000",-,-,-,-,-,-,-,table_active,2024
Cade York,K,23,"$164,166",0.06%,-,"$985,000",-,-,-,-,-,-,-,table_active,2024
Isaiah Thomas,DE,26,"$101,666",0.04%,-,"$915,000",-,-,-,-,-,-,-,table_active,2024
Kendall Milton,RB,22,"$44,167",0.02%,-,"$795,000",-,-,-,-,-,-,-,table_active,2024
Orlando Brown Jr.,LT,28,"$16,398,000",6.42%,"($26,325,000)","$4,500,000","$7,775,000","$748,000","$3,000,000",-,"$375,000",-,-,table_injured,2024
Logan Wilson,OLB,28,"$9,050,000",3.54%,"($12,000,000)","$3,500,000","$2,000,000","$450,000",-,"$3,000,000","$100,000",-,-,table_injured,2024
Trenton Brown,RT,31,"$4,397,058",1.72%,"($2,000,000)","$1,500,000","$2,000,000","$647,059",-,-,"$250,000",-,-,table_injured,2024
Daxton Hill,CB,24,"$3,181,913",1.25%,"($6,894,144)","$1,765,638","$1,416,275",-,-,-,-,-,-,table_injured,2024
Zack Moss,RB,27,"$2,866,176",1.12%,"($3,000,000)","$1,125,000","$1,500,000","$141,176",-,-,"$100,000",-,-,table_injured,2024
Evan McPherson,K,25,"$2,390,928",0.94%,"($5,085,928)","$1,055,000","$1,335,928",-,-,-,-,-,-,table_injured,2024
D.J. Turner,CB,24,"$1,400,010",0.55%,"($2,140,026)","$1,030,002","$370,008",-,-,-,-,-,-,table_injured,2024
Cameron Sample,DE,25,"$1,252,036",0.49%,"($197,036)","$1,055,000","$197,036",-,-,-,-,-,-,table_injured,2024
D'ante Smith,LT,26,"$1,179,836",0.46%,"($124,836)","$1,055,000","$124,836",-,-,-,-,-,-,table_injured,2024
Joe Bachie,ILB,26,"$1,135,000",0.44%,"($75,000)","$1,125,000","$75,000",-,"$50,000",-,"$25,000",-,-,table_injured,2024
Chris Evans,RB,27,"$1,098,222",0.43%,"($43,222)","$1,055,000","$43,222",-,-,-,-,-,-,table_injured,2024
Erick All,TE,24,"$993,276",0.39%,"($793,104)","$795,000","$198,276",-,-,-,-,-,-,table_injured,2024
Jaxson Kirkland,G,26,"$534,168",0.21%,-,"$795,000",-,-,-,-,-,-,-,table_injured,2024
Lance Robinson,CB,24,"$472,333",0.18%,"($7,000)","$470,000","$2,333",-,-,-,-,-,-,table_injured,2024
Jalen Davis,CB,,"$383,400",0.15%,,,,,,,,,,table_practice-squad,2024
Trey Hill,C,,"$302,400",0.12%,,,,,,,,,,table_practice-squad,2024
Nate Brooks,CB,,"$225,000",0.09%,,,,,,,,,,table_practice-squad,2024
Cole Burgess,WR,,"$225,000",0.09%,,,,,,,,,,table_practice-squad,2024
P.J. Jules,S,,"$225,000",0.09%,,,,,,,,,,table_practice-squad,2024
Tashawn Manning,G,,"$225,000",0.09%,,,,,,,,,,table_practice-squad,2024
Kendric Pryor,WR,,"$225,000",0.09%,,,,,,,,,,table_practice-squad,2024
Micah Abraham,CB,,"$150,000",0.06%,,,,,,,,,,table_practice-squad,2024
Raymond Johnson III,DE,,"$150,000",0.06%,,,,,,,,,,table_practice-squad,2024
Andrew Coker,RT,,"$137,500",0.05%,,,,,,,,,,table_practice-squad,2024
Gary Brightwell,RB,,"$134,400",0.05%,,,,,,,,,,table_practice-squad,2024
Jaylen Key,S,,"$37,500",0.01%,,,,,,,,,,table_practice-squad,2024
Logan Woodside,QB,,"$33,600",0.01%,,,,,,,,,,table_practice-squad,2024
Domenique Davis,DT,,"$25,000",0.01%,,,,,,,,,,table_practice-squad,2024
Craig Young,OLB,,"$25,000",0.01%,,,,,,,,,,table_practice-squad,2024
Joe Mixon,RB,,"$2,750,000",1.08%,,,,,,,,,,table_dead,2024
Nick Scott,SS,,"$2,000,000",0.78%,,,,,,,,,,table_dead,2024
La'el Collins,RT,,"$1,666,667",0.65%,,,,,,,,,,table_dead,2024
Trenton Irwin,WR,,"$1,406,470",0.55%,,,,,,,,,,table_dead,2024
Jackson Carman,LT,,"$694,536",0.27%,,,,,,,,,,table_dead,2024
Zach Carter,DT,,"$542,740",0.21%,,,,,,,,,,table_dead,2024
Lawrence Guy,DT,,"$437,777",0.17%,,,,,,,,,,table_dead,2024
Andrew Stueber,LT,,"$353,336",0.14%,,,,,,,,,,table_dead,2024
Logan Woodside,QB,,"$252,000",0.10%,,,,,,,,,,table_dead,2024
Jalen Davis,CB,,"$225,000",0.09%,,,,,,,,,,table_dead,2024
Brad Robbins,P,,"$215,926",0.08%,,,,,,,,,,table_dead,2024
Justin Rogers,DT,,"$200,000",0.08%,,,,,,,,,,table_dead,2024
Devin Cochran,RT,,"$162,500",0.06%,,,,,,,,,,table_dead,2024
Shaka Heyward,OLB,,"$162,500",0.06%,,,,,,,,,,table_dead,2024
Kendric Pryor,WR,,"$152,499",0.06%,,,,,,,,,,table_dead,2024
Cam Grandy,TE,,"$137,500",0.05%,,,,,,,,,,table_dead,2024
Devin Cochran,RT,,"$132,501",0.05%,,,,,,,,,,table_dead,2024
Kendall Milton,RB,,"$132,501",0.05%,,,,,,,,,,table_dead,2024
Logan Woodside,QB,,"$125,000",0.05%,,,,,,,,,,table_dead,2024
Kendall Milton,RB,,"$112,500",0.04%,,,,,,,,,,table_dead,2024
Trey Hill,C,,"$106,699",0.04%,,,,,,,,,,table_dead,2024
K.J. Henry,DE,,"$101,666",0.04%,,,,,,,,,,table_dead,2024
Domenique Davis,DT,,"$88,334",0.03%,,,,,,,,,,table_dead,2024
Domenique Davis,DT,,"$87,500",0.03%,,,,,,,,,,table_dead,2024
Kendall Milton,RB,,"$87,500",0.03%,,,,,,,,,,table_dead,2024
Isaiah Thomas,DE,,"$75,000",0.03%,,,,,,,,,,table_dead,2024
Trey Hill,C,,"$58,611",0.02%,,,,,,,,,,table_dead,2024
Isaiah Thomas,DE,,"$54,722",0.02%,,,,,,,,,,table_dead,2024
Cade York,K,,"$54,722",0.02%,,,,,,,,,,table_dead,2024
Cam Grandy,TE,,"$45,833",0.02%,,,,,,,,,,table_dead,2024
Andrew Coker,RT,,"$44,167",0.02%,,,,,,,,,,table_dead,2024
Shaka Heyward,OLB,,"$44,167",0.02%,,,,,,,,,,table_dead,2024
Jeffrey Gunter,DE,,"$39,020",0.02%,,,,,,,,,,table_dead,2024
Joe Giles-Harris,ILB,,"$25,000",0.01%,,,,,,,,,,table_dead,2024
K.J. Henry,DE,,"$25,000",0.01%,,,,,,,,,,table_dead,2024
Shedrick Jackson,WR,,"$25,000",0.01%,,,,,,,,,,table_dead,2024
Andrew Stueber,LT,,"$25,000",0.01%,,,,,,,,,,table_dead,2024
Cade York,K,,"$25,000",0.01%,,,,,,,,,,table_dead,2024
Trayveon Williams,RB,,"$25,000",0.01%,,,,,,,,,,table_dead,2024
Shaka Heyward,LB,,"$20,000",0.01%,,,,,,,,,,table_dead,2024
Jaxson Kirkland,G,,"$20,000",0.01%,,,,,,,,,,table_dead,2024
Isaiah Thomas,DE,,"$12,500",0.00%,,,,,,,,,,table_dead,2024
Devonnsha Maxwell,DT,,"$8,333",0.00%,,,,,,,,,,table_dead,2024
Ben Brown,C,,"$6,667",0.00%,,,,,,,,,,table_dead,2024
Jacob Saylors,RB,,"$6,667",0.00%,,,,,,,,,,table_dead,2024
Larry Brooks,S,,"$5,667",0.00%,,,,,,,,,,table_dead,2024
Cole Burgess,WR,,"$5,000",0.00%,,,,,,,,,,table_dead,2024
Aaron Casey,ILB,,"$5,000",0.00%,,,,,,,,,,table_dead,2024
Shedrick Jackson,WR,,"$5,000",0.00%,,,,,,,,,,table_dead,2024
Austin McNamara,P,,"$5,000",0.00%,,,,,,,,,,table_dead,2024
Calvin Tyler Jr.,RB,,"$3,334",0.00%,,,,,,,,,,table_dead,2024
Rocky Lombardi,QB,,"$3,333",0.00%,,,,,,,,,,table_dead,2024
Elijah Collins,RB,,"$2,666",0.00%,,,,,,,,,,table_dead,2024
Noah Cain,RB,,"$2,500",0.00%,,,,,,,,,,table_dead,2024
Michael Dowell,S,,"$2,333",0.00%,,,,,,,,,,table_dead,2024
P.J. Jules,S,,"$1,666",0.00%,,,,,,,,,,table_dead,2024
Eric Miller,RT,,"$1,666",0.00%,,,,,,,,,,table_dead,2024
Tre Mosley,WR,,"$1,000",0.00%,,,,,,,,,,table_dead,2024
Tyler Murray,LB,,"$1,000",0.00%,,,,,,,,,,table_dead,2024
Christian Trahan,TE,,"$1,000",0.00%,,,,,,,,,,table_dead,2024
Jaylen Moody,LB,,$667,0.00%,,,,,,,,,,table_dead,2024
Justin Blazek,DE,,$333,0.00%,,,,,,,,,,table_dead,2024
